dimension,episode,mean,min,max
eef_x,0,-0.12689749896526337,-0.3923456370830536,0.10485351830720901
eef_y,0,0.18234430253505707,0.08447307348251343,0.33594977855682373
eef_z,0,-0.1162925437092781,-0.21059711277484894,-0.025201374664902687
rot_x,0,-1.6744592189788818,-1.8145344257354736,-1.4252822399139404
rot_y,0,-0.18808232247829437,-0.3657306134700775,0.007591655477881432
rot_z,0,0.1466403752565384,0.08187109231948853,0.22331878542900085
gripper,0,0.0558161586523056,0.024845335632562637,0.08009347319602966
eef_x,1,-0.13944107294082642,-0.31686365604400635,-0.005943687167018652
eef_y,1,0.21280832588672638,0.0854174941778183,0.3318106532096863
eef_z,1,-0.06593243777751923,-0.14358623325824738,0.029056323692202568
rot_x,1,-1.5434634685516357,-1.800286889076233,-1.2158124446868896
rot_y,1,-0.13867543637752533,-0.3284040689468384,0.10386695712804794
rot_z,1,0.15780320763587952,0.11253628134727478,0.22448158264160156
gripper,1,0.052998557686805725,0.025325333699584007,0.08009347319602966
eef_x,2,-0.10467343032360077,-0.2581443190574646,0.06589166820049286
eef_y,2,0.22084403038024902,0.10035131871700287,0.34542152285575867
eef_z,2,-0.07147932052612305,-0.1627848744392395,0.016589004546403885
rot_x,2,-1.6466312408447266,-1.9206147193908691,-1.3614294528961182
rot_y,2,-0.15133832395076752,-0.24456094205379486,0.0417952723801136
rot_z,2,0.11638005822896957,0.009092580527067184,0.1983460783958435
gripper,2,0.054808713495731354,0.0027577218133956194,0.08009347319602966
eef_x,3,-0.046661872416734695,-0.23083215951919556,0.08245596289634705
eef_y,3,0.19464397430419922,0.07170716673135757,0.34496983885765076
eef_z,3,-0.10095978528261185,-0.17864638566970825,0.0011272174306213856
rot_x,3,-1.5765230655670166,-1.8194705247879028,-1.2828247547149658
rot_y,3,-0.2528429329395294,-0.600018322467804,-0.08014031499624252
rot_z,3,0.13153943419456482,0.04805004224181175,0.197299063205719
gripper,3,0.0581744946539402,0.026325972750782967,0.08009347319602966
eef_x,4,-0.047147080302238464,-0.22361284494400024,0.06276633590459824
eef_y,4,0.20974698662757874,0.09032189846038818,0.340620756149292
eef_z,4,-0.08170823752880096,-0.17407898604869843,0.011788945645093918
rot_x,4,-1.6028720140457153,-1.8325912952423096,-1.3303076028823853
rot_y,4,-0.2933259606361389,-0.568949282169342,-0.11519581824541092
rot_z,4,0.15582053363323212,0.08745206147432327,0.22514502704143524
gripper,4,0.05552424117922783,0.024895397946238518,0.08009347319602966
eef_x,5,-0.07389584183692932,-0.19682903587818146,0.07641350477933884
eef_y,5,0.19900229573249817,0.084294892847538,0.28539904952049255
eef_z,5,-0.09458594769239426,-0.16045279800891876,0.006263214163482189
rot_x,5,-1.643499732017517,-1.9306360483169556,-1.2682534456253052
rot_y,5,-0.34159889817237854,-0.6966477036476135,0.03457474336028099
rot_z,5,0.1344805210828781,0.002050381852313876,0.26139581203460693
gripper,5,0.056302446871995926,0.00273806881159544,0.08009347319602966
eef_x,6,-0.047161027789115906,-0.21323882043361664,0.07081306725740433
eef_y,6,0.20844684541225433,0.11998496204614639,0.2960607409477234
eef_z,6,-0.09950246661901474,-0.20202890038490295,0.03157055377960205
rot_x,6,-1.6817766427993774,-1.944847822189331,-1.2904653549194336
rot_y,6,-0.1767432540655136,-0.4340343177318573,0.08156079798936844
rot_z,6,0.17972233891487122,0.09011481702327728,0.2451878786087036
gripper,6,0.053103141486644745,0.024270938709378242,0.08009347319602966
eef_x,7,-0.1015903651714325,-0.27476683259010315,0.011614808812737465
eef_y,7,0.20722563564777374,0.08931785076856613,0.31341874599456787
eef_z,7,-0.07843635231256485,-0.15811780095100403,0.015489974059164524
rot_x,7,-1.5848774909973145,-1.8164734840393066,-1.1192034482955933
rot_y,7,-0.3676270842552185,-0.611343264579773,-0.1032794937491417
rot_z,7,0.16372720897197723,0.07447901368141174,0.24692271649837494
gripper,7,0.0553995706140995,0.024477515369653702,0.08009347319602966
eef_x,8,-0.07919938117265701,-0.24043706059455872,0.051579881459474564
eef_y,8,0.19357673823833466,0.09459242224693298,0.3352283537387848
eef_z,8,-0.08617514371871948,-0.15857790410518646,0.004243749193847179
rot_x,8,-1.624603509902954,-1.8648853302001953,-1.4269299507141113
rot_y,8,-0.31841912865638733,-0.5423539876937866,-0.12889330089092255
rot_z,8,0.1632193773984909,0.08875679224729538,0.23799733817577362
gripper,8,0.05632460117340088,0.026437202468514442,0.08009347319602966
eef_x,9,-0.08543688803911209,-0.21028722822666168,0.009065069258213043
eef_y,9,0.1991652250289917,0.09443214535713196,0.3497059643268585
eef_z,9,-0.07025504857301712,-0.16335485875606537,-0.005290130153298378
rot_x,9,-1.6973706483840942,-1.9456700086593628,-1.4247217178344727
rot_y,9,-0.282424658536911,-0.4699442684650421,-0.15115824341773987
rot_z,9,0.14309002459049225,0.05815568566322327,0.22936849296092987
gripper,9,0.05291463062167168,0.026434961706399918,0.08009347319602966
eef_x,10,-0.08339588344097137,-0.19524413347244263,0.006111496593803167
eef_y,10,0.21223747730255127,0.11232533305883408,0.3439008891582489
eef_z,10,-0.07234350591897964,-0.16760626435279846,0.02443053014576435
rot_x,10,-1.5970865488052368,-1.8731366395950317,-1.223894476890564
rot_y,10,-0.2966960370540619,-0.6538757681846619,-0.08341089636087418
rot_z,10,0.1575329303741455,0.06597671657800674,0.23039127886295319
gripper,10,0.05706513673067093,0.025224784389138222,0.08009347319602966
eef_x,11,-0.11308567225933075,-0.32139647006988525,0.07550003379583359
eef_y,11,0.21016258001327515,0.10830207169055939,0.33584079146385193
eef_z,11,-0.07321133464574814,-0.1351991444826126,-0.016561416909098625
rot_x,11,-1.6307741403579712,-1.9045147895812988,-1.43819260597229
rot_y,11,-0.2780103385448456,-0.655526876449585,0.030149217694997787
rot_z,11,0.1403806060552597,0.03013630397617817,0.2695724368095398
gripper,11,0.05446094274520874,0.002896255347877741,0.08009347319602966
eef_x,12,-0.11577002704143524,-0.3227781057357788,0.06702250242233276
eef_y,12,0.20402871072292328,0.009640061296522617,0.32705798745155334
eef_z,12,-0.10910450667142868,-0.22913944721221924,-0.007618156261742115
rot_x,12,-1.6830425262451172,-1.865835189819336,-1.5222474336624146
rot_y,12,-0.15615347027778625,-0.40208953619003296,0.2771438956260681
rot_z,12,0.1324995905160904,0.026010150089859962,0.2691127061843872
gripper,12,0.06010046973824501,0.027320900931954384,0.08009347319602966
eef_x,13,-0.024557041004300117,-0.12906883656978607,0.08628802746534348
eef_y,13,0.20090624690055847,0.07277728617191315,0.2925677001476288
eef_z,13,-0.12691938877105713,-0.21644531190395355,-0.03913654759526253
rot_x,13,-1.634798288345337,-1.8331191539764404,-1.4383779764175415
rot_y,13,-0.17518478631973267,-0.32267946004867554,0.00214313599281013
rot_z,13,0.16573159396648407,0.08496984094381332,0.24955041706562042
gripper,13,0.05683616176247597,0.02757510356605053,0.08009347319602966
eef_x,14,-0.03932745382189751,-0.19852913916110992,0.10318518429994583
eef_y,14,0.19405347108840942,0.09008219838142395,0.30884504318237305
eef_z,14,-0.13167916238307953,-0.22448578476905823,-0.01128681655973196
rot_x,14,-1.6977952718734741,-1.9001832008361816,-1.4519296884536743
rot_y,14,-0.22411096096038818,-0.4610748887062073,-0.03276623412966728
rot_z,14,0.17638449370861053,0.11634239554405212,0.24728865921497345
gripper,14,0.058316752314567566,0.023372823372483253,0.08009347319602966
eef_x,15,-0.09883154928684235,-0.21565262973308563,-0.014423525892198086
eef_y,15,0.19310055673122406,0.0967985987663269,0.3046721816062927
eef_z,15,-0.1305464804172516,-0.21601158380508423,-0.028577005490660667
rot_x,15,-1.7694618701934814,-1.9196867942810059,-1.6036723852157593
rot_y,15,-0.23966434597969055,-0.4251381754875183,0.04424009844660759
rot_z,15,0.20506025850772858,0.10904862731695175,0.32477006316185
gripper,15,0.05341484025120735,0.027437688782811165,0.08009347319602966
eef_x,16,-0.12366222590208054,-0.24500404298305511,-0.015601713210344315
eef_y,16,0.213899165391922,0.11818237602710724,0.3193148672580719
eef_z,16,-0.09998416900634766,-0.18313656747341156,0.012346770614385605
rot_x,16,-1.8209707736968994,-1.9354298114776611,-1.584922432899475
rot_y,16,-0.21096673607826233,-0.3845219910144806,0.08019904047250748
rot_z,16,0.18083971738815308,0.09232275187969208,0.3081629276275635
gripper,16,0.05653395131230354,0.006068412680178881,0.08009347319602966
eef_x,17,-0.07437390834093094,-0.25175392627716064,0.04761433228850365
eef_y,17,0.18605320155620575,0.09688661992549896,0.3293272852897644
eef_z,17,-0.1092715859413147,-0.19237661361694336,-0.012113839387893677
rot_x,17,-1.5785850286483765,-1.7895678281784058,-1.2677842378616333
rot_y,17,-0.3236328661441803,-0.8355109095573425,-0.00888716522604227
rot_z,17,0.10109087824821472,-0.0052267094142735004,0.16548806428909302
gripper,17,0.056583184748888016,0.02565521001815796,0.08009347319602966
eef_x,18,-0.09133691340684891,-0.24952919781208038,0.033140309154987335
eef_y,18,0.20143693685531616,0.09138135612010956,0.3421544134616852
eef_z,18,-0.08089012652635574,-0.19138140976428986,-0.0010610038880258799
rot_x,18,-1.6458951234817505,-1.8195796012878418,-1.4006174802780151
rot_y,18,-0.251185804605484,-0.4413153827190399,-0.05363018438220024
rot_z,18,0.13556723296642303,0.05089869350194931,0.17731258273124695
gripper,18,0.05600383132696152,0.026675207540392876,0.08009347319602966
eef_x,19,-0.07907123118638992,-0.24423038959503174,0.02974173054099083
eef_y,19,0.18280357122421265,0.0952337458729744,0.33012184500694275
eef_z,19,-0.10189363360404968,-0.1814371645450592,0.0003756694495677948
rot_x,19,-1.6251695156097412,-1.867273211479187,-1.3130316734313965
rot_y,19,-0.27049949765205383,-0.5266757011413574,0.014468005858361721
rot_z,19,0.131240114569664,0.06433948874473572,0.2317374050617218
gripper,19,0.05248472839593887,0.02584034390747547,0.08009347319602966
eef_x,20,-0.10173823684453964,-0.2758607566356659,0.04892413318157196
eef_y,20,0.18899774551391602,0.10446663945913315,0.3292403519153595
eef_z,20,-0.08765572309494019,-0.1614948809146881,0.00844369363039732
rot_x,20,-1.6185508966445923,-1.8966690301895142,-1.277248501777649
rot_y,20,-0.35724908113479614,-0.7082424163818359,-0.12952429056167603
rot_z,20,0.1131359338760376,0.02718949317932129,0.2249527871608734
gripper,20,0.057522788643836975,0.025701509788632393,0.08009347319602966
eef_x,21,-0.07197248190641403,-0.2522372901439667,0.12515856325626373
eef_y,21,0.19747063517570496,0.10698536038398743,0.33398258686065674
eef_z,21,-0.09543879330158234,-0.1611553430557251,0.007389348931610584
rot_x,21,-1.5637025833129883,-1.7809696197509766,-1.2470629215240479
rot_y,21,-0.40400418639183044,-0.9777415990829468,0.009474101476371288
rot_z,21,0.15498334169387817,0.035256676375865936,0.2564707100391388
gripper,21,0.05506761372089386,0.004617409780621529,0.08009347319602966
eef_x,22,-0.07657431811094284,-0.2085948884487152,0.02700328268110752
eef_y,22,0.19955293834209442,0.11719713360071182,0.3410651385784149
eef_z,22,-0.09649109095335007,-0.18189175426959991,0.00866682454943657
rot_x,22,-1.7090905904769897,-1.8948689699172974,-1.473287582397461
rot_y,22,-0.31506744027137756,-0.7560181617736816,-0.07014856487512589
rot_z,22,0.19900761544704437,0.11188126355409622,0.2997317314147949
gripper,22,0.055405277758836746,0.02607358619570732,0.08009347319602966
eef_x,23,-0.07201237231492996,-0.23946291208267212,0.03495706990361214
eef_y,23,0.19250984489917755,0.09681282937526703,0.3336910307407379
eef_z,23,-0.0917157307267189,-0.16372667253017426,-0.009642209857702255
rot_x,23,-1.6668169498443604,-1.8825407028198242,-1.3456075191497803
rot_y,23,-0.2578042447566986,-0.5864872336387634,0.1091063991189003
rot_z,23,0.1361173391342163,0.029258914291858673,0.2008650153875351
gripper,23,0.05581941083073616,0.026975970715284348,0.08009347319602966
eef_x,24,-0.07237807661294937,-0.23555293679237366,0.029489640146493912
eef_y,24,0.20614607632160187,0.1004454717040062,0.33464479446411133
eef_z,24,-0.07423894107341766,-0.15255828201770782,0.028827672824263573
rot_x,24,-1.588062047958374,-1.7795825004577637,-1.2387088537216187
rot_y,24,-0.30422863364219666,-0.8175215125083923,-0.03782234340906143
rot_z,24,0.17441430687904358,0.02600998431444168,0.2783641219139099
gripper,24,0.057751793414354324,0.02703585848212242,0.08009347319602966
eef_x,25,-0.07358533143997192,-0.19508466124534607,0.06904371082782745
eef_y,25,0.19322220981121063,0.09737581759691238,0.32419759035110474
eef_z,25,-0.08058568835258484,-0.159463569521904,0.003708307631313801
rot_x,25,-1.5616989135742188,-1.7769155502319336,-1.2968459129333496
rot_y,25,-0.34639859199523926,-1.109810471534729,-0.13650289177894592
rot_z,25,0.14162170886993408,0.044749245047569275,0.2447340190410614
gripper,25,0.05562644079327583,0.02665894851088524,0.08009347319602966
eef_x,26,-0.11550385504961014,-0.30525606870651245,0.054433539509773254
eef_y,26,0.1834731101989746,0.08694379031658173,0.3114100396633148
eef_z,26,-0.08735489845275879,-0.15364821255207062,0.009072353132069111
rot_x,26,-1.6107642650604248,-1.8476513624191284,-1.3143994808197021
rot_y,26,-0.3602478504180908,-1.0129634141921997,-0.14121147990226746
rot_z,26,0.14918500185012817,0.07757747918367386,0.24190032482147217
gripper,26,0.05471474677324295,0.02502097375690937,0.08009347319602966
eef_x,27,-0.03752576559782028,-0.24442826211452484,0.12013226002454758
eef_y,27,0.21768178045749664,0.11478526145219803,0.36251354217529297
eef_z,27,-0.079077810049057,-0.19022242724895477,0.02206127718091011
rot_x,27,-1.6728777885437012,-1.9384653568267822,-1.37172532081604
rot_y,27,-0.29734164476394653,-0.8714292645454407,-0.036860641092061996
rot_z,27,0.13904908299446106,0.015152362175285816,0.2316623330116272
gripper,27,0.05449901521205902,0.025900645181536674,0.08009347319602966
eef_x,28,-0.0560317300260067,-0.21791332960128784,0.06579924374818802
eef_y,28,0.2141893208026886,0.10208579152822495,0.35587427020072937
eef_z,28,-0.058491628617048264,-0.1284766048192978,0.04164980351924896
rot_x,28,-1.6313992738723755,-1.8524444103240967,-1.3333935737609863
rot_y,28,-0.2480672299861908,-0.40621793270111084,-0.04269713908433914
rot_z,28,0.1661655157804489,0.09877307713031769,0.22197306156158447
gripper,28,0.056303348392248154,0.026124827563762665,0.08009347319602966
eef_x,29,-0.04285009577870369,-0.1724095344543457,0.06135158985853195
eef_y,29,0.22398149967193604,0.11492902040481567,0.3885593116283417
eef_z,29,-0.07352399080991745,-0.16802863776683807,0.045844633132219315
rot_x,29,-1.7216987609863281,-1.944247841835022,-1.3787859678268433
rot_y,29,-0.30485332012176514,-0.5483110547065735,-0.11996272951364517
rot_z,29,0.1838093250989914,0.09984449297189713,0.2772238254547119
gripper,29,0.05836544558405876,0.027338432148098946,0.08009347319602966
eef_x,30,-0.03424159064888954,-0.17962636053562164,0.0865635946393013
eef_y,30,0.22166003286838531,0.1267029494047165,0.38431650400161743
eef_z,30,-0.09012226015329361,-0.19409692287445068,0.04956871643662453
rot_x,30,-1.6946072578430176,-1.8930405378341675,-1.4149699211120605
rot_y,30,-0.2925703823566437,-0.7293090224266052,-0.047517549246549606
rot_z,30,0.1388378143310547,0.050475820899009705,0.22301360964775085
gripper,30,0.05663871392607689,0.027288421988487244,0.08009347319602966
eef_x,31,-0.054904546588659286,-0.21193011105060577,0.08936908841133118
eef_y,31,0.24811707437038422,0.12479742616415024,0.37931621074676514
eef_z,31,-0.04469224438071251,-0.11914683878421783,0.04730894789099693
rot_x,31,-1.6614391803741455,-1.8633686304092407,-1.3976328372955322
rot_y,31,-0.3398892879486084,-0.634993314743042,-0.1300239861011505
rot_z,31,0.14133630692958832,0.05893911048769951,0.21765585243701935
gripper,31,0.055410947650671005,0.026475565508008003,0.08009347319602966
eef_x,32,-0.06112857535481453,-0.20775991678237915,0.11178503185510635
eef_y,32,0.2316286265850067,0.11923127621412277,0.3678387403488159
eef_z,32,-0.04070566967129707,-0.11722036451101303,0.05384138971567154
rot_x,32,-1.6122835874557495,-1.8161506652832031,-1.3052279949188232
rot_y,32,-0.24912407994270325,-0.4507015645503998,0.12276628613471985
rot_z,32,0.15851956605911255,0.0976736843585968,0.2171798050403595
gripper,32,0.055449388921260834,0.026276513934135437,0.08009347319602966
eef_x,33,-0.05267252027988434,-0.1994466781616211,0.0516352504491806
eef_y,33,0.230567067861557,0.13212475180625916,0.3718632459640503
eef_z,33,-0.06233883276581764,-0.13081137835979462,0.03302355110645294
rot_x,33,-1.700737714767456,-1.9824376106262207,-1.3888845443725586
rot_y,33,-0.23529471457004547,-0.6016098260879517,-0.09284388273954391
rot_z,33,0.19050678610801697,0.11218930780887604,0.3077097535133362
gripper,33,0.059135083109140396,0.02666146121919155,0.08009347319602966
eef_x,34,-0.04618675634264946,-0.19739936292171478,0.10368749499320984
eef_y,34,0.22882123291492462,0.12160813808441162,0.35735446214675903
eef_z,34,-0.07807920128107071,-0.16350163519382477,0.013937761075794697
rot_x,34,-1.654062271118164,-1.8705588579177856,-1.3135111331939697
rot_y,34,-0.2944568991661072,-1.094672679901123,0.09214603900909424
rot_z,34,0.20064665377140045,0.02202630788087845,0.33824196457862854
gripper,34,0.053365595638751984,0.0027058536652475595,0.08009347319602966
eef_x,35,-0.06221531704068184,-0.23098580539226532,0.08724957704544067
eef_y,35,0.20643162727355957,0.12973803281784058,0.35814160108566284
eef_z,35,-0.07572752237319946,-0.15061286091804504,0.01957269385457039
rot_x,35,-1.7289204597473145,-1.9195126295089722,-1.3911988735198975
rot_y,35,-0.12710712850093842,-0.4299830198287964,0.2537291646003723
rot_z,35,0.2336496114730835,0.1376442015171051,0.4315943419933319
gripper,35,0.056082092225551605,0.025457551702857018,0.08009347319602966
eef_x,36,-0.030793292447924614,-0.21774758398532867,0.0934564396739006
eef_y,36,0.22680215537548065,0.12413940578699112,0.37937337160110474
eef_z,36,-0.08071597665548325,-0.16100917756557465,0.02305884100496769
rot_x,36,-1.7017196416854858,-1.9036179780960083,-1.387968897819519
rot_y,36,-0.17164504528045654,-0.4441544711589813,0.07390403747558594
rot_z,36,0.19700674712657928,0.12955686450004578,0.3474591374397278
gripper,36,0.05614008381962776,0.026554381474852562,0.08009347319602966
eef_x,37,-0.05320487543940544,-0.1726834625005722,0.09613465517759323
eef_y,37,0.2109142243862152,0.12045466154813766,0.34435972571372986
eef_z,37,-0.10053008794784546,-0.18296830356121063,0.008691205643117428
rot_x,37,-1.7033202648162842,-1.9156204462051392,-1.283760905265808
rot_y,37,-0.2562004327774048,-0.5426059365272522,-0.01905367709696293
rot_z,37,0.17821981012821198,0.007773111574351788,0.3216545283794403
gripper,37,0.05615588650107384,0.0026730343233793974,0.07829013466835022
eef_x,38,-0.05361931025981903,-0.23634766042232513,0.03354541212320328
eef_y,38,0.218299001455307,0.12115269154310226,0.37812376022338867
eef_z,38,-0.07484213262796402,-0.16037337481975555,0.050558220595121384
rot_x,38,-1.660590410232544,-1.8513026237487793,-1.3117302656173706
rot_y,38,-0.3183322250843048,-0.5190503597259521,-0.17338930070400238
rot_z,38,0.17541389167308807,0.10552658140659332,0.24516618251800537
gripper,38,0.05668437108397484,0.02625107392668724,0.08009347319602966
eef_x,39,-0.009056532755494118,-0.17143584787845612,0.11046627163887024
eef_y,39,0.24636788666248322,0.12574252486228943,0.3759334981441498
eef_z,39,-0.0758141577243805,-0.18058183789253235,0.0649074912071228
rot_x,39,-1.7150764465332031,-1.88694167137146,-1.4513248205184937
rot_y,39,-0.2730049788951874,-0.45155274868011475,-0.08742867410182953
rot_z,39,0.16268271207809448,0.07288459688425064,0.2941742241382599
gripper,39,0.058580268174409866,0.003101031994447112,0.08009347319602966
eef_x,40,0.08767494559288025,-0.11007053405046463,0.26579535007476807
eef_y,40,0.32143422961235046,0.22817343473434448,0.4463436007499695
eef_z,40,0.046693746000528336,-0.039543479681015015,0.14709362387657166
rot_x,40,-1.397007703781128,-1.636027216911316,-1.025965690612793
rot_y,40,0.032626837491989136,-0.3082471191883087,0.2080288976430893
rot_z,40,0.15516707301139832,0.08473452180624008,0.2677094340324402
gripper,40,0.059149086475372314,0.02473747357726097,0.08009347319602966
eef_x,41,0.08171571791172028,-0.062256019562482834,0.1680290251970291
eef_y,41,0.3158162832260132,0.18588867783546448,0.45636457204818726
eef_z,41,0.022935206070542336,-0.06312242150306702,0.17238155007362366
rot_x,41,-1.4818189144134521,-1.6602462530136108,-1.1044819355010986
rot_y,41,0.02909610979259014,-0.19619598984718323,0.13160718977451324
rot_z,41,0.17866964638233185,0.09495052695274353,0.2589832842350006
gripper,41,0.0520906001329422,0.027514878660440445,0.08009347319602966
eef_x,42,0.07272210717201233,-0.08390045166015625,0.2259177267551422
eef_y,42,0.26881182193756104,0.15401148796081543,0.39534199237823486
eef_z,42,-0.022256003692746162,-0.12744301557540894,0.09789364784955978
rot_x,42,-1.5476744174957275,-1.7484678030014038,-1.243967056274414
rot_y,42,0.07044405490159988,-0.1657756119966507,0.2749304473400116
rot_z,42,0.1444823145866394,0.10704517364501953,0.20452569425106049
gripper,42,0.062218498438596725,0.027300052344799042,0.08009347319602966
eef_x,43,0.09773913770914078,-0.0761004388332367,0.25342169404029846
eef_y,43,0.28359100222587585,0.12247300148010254,0.42638570070266724
eef_z,43,0.00261190184392035,-0.14608381688594818,0.1718103140592575
rot_x,43,-1.6077871322631836,-1.8040214776992798,-1.2559611797332764
rot_y,43,0.08665385842323303,-0.15894338488578796,0.2798197269439697
rot_z,43,0.1655077338218689,0.05367375910282135,0.27043601870536804
gripper,43,0.0541081503033638,0.026864081621170044,0.08009347319602966
eef_x,44,0.07513383775949478,-0.10308395326137543,0.24817952513694763
eef_y,44,0.2910946309566498,0.16491493582725525,0.422990083694458
eef_z,44,0.001428676419891417,-0.14503951370716095,0.14320380985736847
rot_x,44,-1.5845791101455688,-1.7850912809371948,-1.2887951135635376
rot_y,44,0.04545240476727486,-0.23623180389404297,0.2186768352985382
rot_z,44,0.16567760705947876,0.05174713581800461,0.2716793715953827
gripper,44,0.05641911178827286,0.026463638991117477,0.08009347319602966
eef_x,45,0.08914459496736526,-0.08883385360240936,0.2446679323911667
eef_y,45,0.29228833317756653,0.14785654842853546,0.43435758352279663
eef_z,45,0.018178530037403107,-0.13266967236995697,0.1499045491218567
rot_x,45,-1.5277944803237915,-1.768495798110962,-1.106568694114685
rot_y,45,0.07393842935562134,-0.1487528383731842,0.21345838904380798
rot_z,45,0.15728814899921417,0.08202807605266571,0.24287481606006622
gripper,45,0.05833953991532326,0.027141429483890533,0.08009347319602966
eef_x,46,0.07873796671628952,-0.045371368527412415,0.24451731145381927
eef_y,46,0.2970225214958191,0.16718065738677979,0.41012370586395264
eef_z,46,0.004731453489512205,-0.14401347935199738,0.15840189158916473
rot_x,46,-1.5457139015197754,-1.7483601570129395,-1.2164045572280884
rot_y,46,0.01786939799785614,-0.3908674418926239,0.25789836049079895
rot_z,46,0.18744516372680664,0.11382491141557693,0.2779545783996582
gripper,46,0.0555068664252758,0.027241175994277,0.08009347319602966
eef_x,47,0.08919932693243027,-0.03965674340724945,0.2455909103155136
eef_y,47,0.3012092113494873,0.16548565030097961,0.4537257254123688
eef_z,47,0.000589741684962064,-0.14961013197898865,0.10463505983352661
rot_x,47,-1.536028265953064,-1.751273512840271,-1.1316957473754883
rot_y,47,-0.002436018781736493,-0.6905333399772644,0.21116264164447784
rot_z,47,0.18097084760665894,0.08120161294937134,0.2924245595932007
gripper,47,0.05716637894511223,0.025391139090061188,0.08009347319602966
eef_x,48,0.07560396194458008,-0.08965042233467102,0.23689007759094238
eef_y,48,0.2808752954006195,0.16042070090770721,0.38644081354141235
eef_z,48,-0.00870119221508503,-0.1576097458600998,0.10586617887020111
rot_x,48,-1.5391935110092163,-1.7985738515853882,-1.2515250444412231
rot_y,48,-0.13681501150131226,-1.1144602298736572,0.24706041812896729
rot_z,48,0.1368889957666397,-0.007312599569559097,0.2543821334838867
gripper,48,0.05225604027509689,0.02551632560789585,0.08009347319602966
eef_x,49,0.07882080227136612,-0.046530235558748245,0.2338162660598755
eef_y,49,0.27882081270217896,0.14290116727352142,0.4017169177532196
eef_z,49,-0.012231966480612755,-0.1379280686378479,0.12531372904777527
rot_x,49,-1.565221905708313,-1.827559232711792,-1.1535385847091675
rot_y,49,0.06275840848684311,-0.2646150290966034,0.3310905396938324
rot_z,49,0.13723568618297577,0.04744866490364075,0.19904157519340515
gripper,49,0.05482000485062599,0.024635523557662964,0.08009347319602966
eef_x,50,0.07882696390151978,-0.09148716926574707,0.2665705382823944
eef_y,50,0.29738229513168335,0.18159416317939758,0.4251236021518707
eef_z,50,0.012463749386370182,-0.12109782546758652,0.11738487333059311
rot_x,50,-1.5540910959243774,-1.7584521770477295,-1.1504602432250977
rot_y,50,0.03312763571739197,-0.5098884105682373,0.21404708921909332
rot_z,50,0.14431476593017578,0.056929122656583786,0.2508612275123596
gripper,50,0.05498510226607323,0.02561386674642563,0.08009347319602966
eef_x,51,0.11333438754081726,-0.013545881025493145,0.27092957496643066
eef_y,51,0.32223281264305115,0.20496845245361328,0.4176819920539856
eef_z,51,0.024967389181256294,-0.10682156682014465,0.1474229395389557
rot_x,51,-1.546187400817871,-1.783528208732605,-1.100610375404358
rot_y,51,0.044916942715644836,-0.16361716389656067,0.27227887511253357
rot_z,51,0.1599186807870865,0.10873239487409592,0.2607974112033844
gripper,51,0.053051482886075974,0.026961978524923325,0.08009347319602966
eef_x,52,0.09654247760772705,-0.05136949196457863,0.26676812767982483
eef_y,52,0.3052639365196228,0.14575092494487762,0.4198729991912842
eef_z,52,0.015175675973296165,-0.1147751584649086,0.13245654106140137
rot_x,52,-1.5439815521240234,-1.773606538772583,-1.173801302909851
rot_y,52,-0.026229659095406532,-0.6179140210151672,0.2994081974029541
rot_z,52,0.15349863469600677,0.03577129915356636,0.27176132798194885
gripper,52,0.05399906635284424,0.026061546057462692,0.08009347319602966
eef_x,53,0.10296376794576645,-0.05410431697964668,0.2671900987625122
eef_y,53,0.32126790285110474,0.18631435930728912,0.427054226398468
eef_z,53,0.02793927863240242,-0.12096966058015823,0.1484149545431137
rot_x,53,-1.5293586254119873,-1.7476282119750977,-1.1310579776763916
rot_y,53,0.020113997161388397,-0.2301858514547348,0.23343169689178467
rot_z,53,0.1476486325263977,0.06545564532279968,0.23934409022331238
gripper,53,0.05413692444562912,0.027156246826052666,0.08009347319602966
eef_x,54,0.11056553572416306,-0.04648100584745407,0.26033633947372437
eef_y,54,0.2963047921657562,0.15867936611175537,0.40793412923812866
eef_z,54,0.008572044782340527,-0.11239974945783615,0.14230415225028992
rot_x,54,-1.5688623189926147,-1.78804349899292,-1.1696057319641113
rot_y,54,-0.008366599678993225,-0.6941980123519897,0.27110955119132996
rot_z,54,0.1485033631324768,0.06629772484302521,0.23476573824882507
gripper,54,0.05306670069694519,0.025140196084976196,0.08009347319602966
eef_x,55,0.10101112723350525,-0.04491535946726799,0.2547142505645752
eef_y,55,0.3025868833065033,0.17107069492340088,0.4141594469547272
eef_z,55,0.024110151454806328,-0.08044251054525375,0.13938160240650177
rot_x,55,-1.4671075344085693,-1.7201651334762573,-1.1268253326416016
rot_y,55,-0.023153679445385933,-0.32817625999450684,0.23409788310527802
rot_z,55,0.15299567580223083,-0.012415312230587006,0.25959137082099915
gripper,55,0.05435684695839882,0.02631540782749653,0.08009347319602966
eef_x,56,0.09297511726617813,-0.09031248837709427,0.2604734003543854
eef_y,56,0.3136613965034485,0.17411361634731293,0.44197654724121094
eef_z,56,0.0174857284873724,-0.09574764966964722,0.15779568254947662
rot_x,56,-1.6052278280258179,-1.83327317237854,-1.2552722692489624
rot_y,56,0.17649851739406586,-0.11537843197584152,0.3783732056617737
rot_z,56,0.19432544708251953,0.06860306859016418,0.2851760983467102
gripper,56,0.05278230458498001,0.024068864062428474,0.08009347319602966
eef_x,57,0.06171324849128723,-0.07646545022726059,0.2614072561264038
eef_y,57,0.3361974060535431,0.17730441689491272,0.4338497221469879
eef_z,57,0.02970697544515133,-0.11319149285554886,0.12858085334300995
rot_x,57,-1.6700772047042847,-1.83865225315094,-1.3057963848114014
rot_y,57,0.14680585265159607,-0.15460054576396942,0.4110245108604431
rot_z,57,0.1845742166042328,0.05721451714634895,0.2865805923938751
gripper,57,0.054709017276763916,0.024680370464920998,0.08009347319602966
eef_x,58,0.10759031772613525,-0.05948372185230255,0.264186292886734
eef_y,58,0.3065430819988251,0.17473582923412323,0.42154940962791443
eef_z,58,0.004286244045943022,-0.12220624834299088,0.15105947852134705
rot_x,58,-1.5670958757400513,-1.805474042892456,-1.1370731592178345
rot_y,58,-0.004741574637591839,-0.5701277256011963,0.3870665729045868
rot_z,58,0.14848285913467407,-0.07112723588943481,0.25092747807502747
gripper,58,0.055937569588422775,0.026908503845334053,0.08009347319602966
eef_x,59,0.103286974132061,-0.043883707374334335,0.2674894630908966
eef_y,59,0.3273543417453766,0.19600000977516174,0.4191223382949829
eef_z,59,0.024434734135866165,-0.09609627723693848,0.14169849455356598
rot_x,59,-1.5702723264694214,-1.816526174545288,-1.2157282829284668
rot_y,59,0.07808338105678558,-0.3120482563972473,0.5368886590003967
rot_z,59,0.16613595187664032,0.09427141398191452,0.275256484746933
gripper,59,0.051895368844270706,0.025800887495279312,0.07984428852796555
eef_x,60,0.12057135254144669,-0.05637622997164726,0.2607569694519043
eef_y,60,0.3283122777938843,0.24460595846176147,0.42872104048728943
eef_z,60,0.01945536769926548,-0.07778593897819519,0.1687323898077011
rot_x,60,-1.597816824913025,-1.8474410772323608,-1.312480092048645
rot_y,60,0.2159530371427536,-0.054030027240514755,0.45527076721191406
rot_z,60,0.13626208901405334,0.06050081551074982,0.2146991640329361
gripper,60,0.06015460938215256,0.02625737152993679,0.08009347319602966
eef_x,61,0.0878654196858406,-0.034586675465106964,0.2555680572986603
eef_y,61,0.3409625291824341,0.2575879693031311,0.42242705821990967
eef_z,61,0.0381256528198719,-0.04031597450375557,0.16300924122333527
rot_x,61,-1.5880728960037231,-1.7203624248504639,-1.3859792947769165
rot_y,61,0.08282473683357239,-0.1265430599451065,0.29346469044685364
rot_z,61,0.15261626243591309,0.052064213901758194,0.21866652369499207
gripper,61,0.05664565786719322,0.004747368395328522,0.08009347319602966
eef_x,62,0.08728684484958649,-0.06684254854917526,0.25812897086143494
eef_y,62,0.3315642774105072,0.24880722165107727,0.4312412440776825
eef_z,62,0.029854698106646538,-0.060177210718393326,0.14857357740402222
rot_x,62,-1.6541516780853271,-1.759020447731018,-1.4373747110366821
rot_y,62,0.08348541706800461,-0.2036879062652588,0.320831298828125
rot_z,62,0.1714676171541214,0.06605108827352524,0.244997039437294
gripper,62,0.0590507797896862,0.026764819398522377,0.08009347319602966
eef_x,63,0.10832985490560532,-0.1270986795425415,0.2895668148994446
eef_y,63,0.32989275455474854,0.1930132806301117,0.415352463722229
eef_z,63,-0.004616244230419397,-0.0961441770195961,0.12636418640613556
rot_x,63,-1.6895021200180054,-1.8147544860839844,-1.3484288454055786
rot_y,63,-0.048049572855234146,-0.7423542141914368,0.30936387181282043
rot_z,63,0.1500433087348938,0.025317195802927017,0.23804110288619995
gripper,63,0.05951414257287979,0.026609471067786217,0.08009347319602966
eef_x,64,0.08491913974285126,-0.0367434024810791,0.25513625144958496
eef_y,64,0.3062567114830017,0.21116192638874054,0.41420814394950867
eef_z,64,0.010848487727344036,-0.1136869564652443,0.13858073949813843
rot_x,64,-1.6295734643936157,-1.7958735227584839,-1.3426432609558105
rot_y,64,0.11208875477313995,-0.0346139632165432,0.2636127471923828
rot_z,64,0.14472585916519165,0.07351961731910706,0.232878178358078
gripper,64,0.05443307384848595,0.026491330936551094,0.08009347319602966
eef_x,65,0.09121836721897125,-0.04070049151778221,0.26666784286499023
eef_y,65,0.3336714208126068,0.18313321471214294,0.447049617767334
eef_z,65,0.027579842135310173,-0.11231459677219391,0.15899597108364105
rot_x,65,-1.7371749877929688,-1.9444597959518433,-1.3416905403137207
rot_y,65,0.1377701610326767,-0.2861940562725067,0.4292282462120056
rot_z,65,0.15366148948669434,0.047858014702796936,0.284294456243515
gripper,65,0.04794313758611679,0.026027565822005272,0.08009347319602966
eef_x,66,0.09433212131261826,-0.025391899049282074,0.25398004055023193
eef_y,66,0.3221002519130707,0.17439746856689453,0.4460679292678833
eef_z,66,0.016023078933358192,-0.1198033019900322,0.12620162963867188
rot_x,66,-1.7230803966522217,-1.8912200927734375,-1.4616748094558716
rot_y,66,0.061704736202955246,-0.3196595013141632,0.33573654294013977
rot_z,66,0.16504210233688354,0.06635785847902298,0.24869361519813538
gripper,66,0.051990244537591934,0.026386206969618797,0.07795674353837967
eef_x,67,0.11809436231851578,-0.023680906742811203,0.2364567071199417
eef_y,67,0.3056212365627289,0.15916012227535248,0.3948907256126404
eef_z,67,-0.007510794326663017,-0.10119783133268356,0.11109565198421478
rot_x,67,-1.6736092567443848,-1.8414607048034668,-1.3398548364639282
rot_y,67,0.1915084570646286,-0.1119285523891449,0.47658953070640564
rot_z,67,0.1873237043619156,0.0819995105266571,0.2686519920825958
gripper,67,0.05460726097226143,0.027264591306447983,0.08009347319602966
eef_x,68,0.1026226356625557,-0.04601888731122017,0.2296408861875534
eef_y,68,0.30023643374443054,0.1744849681854248,0.4107670783996582
eef_z,68,0.005145056173205376,-0.10063569992780685,0.12195759266614914
rot_x,68,-1.56924569606781,-1.8201879262924194,-1.205093264579773
rot_y,68,0.07467512041330338,0.012265877798199654,0.15869371592998505
rot_z,68,0.14522220194339752,0.07457908987998962,0.220774307847023
gripper,68,0.053774360567331314,0.027016909793019295,0.08009347319602966
eef_x,69,0.09833290427923203,-0.015713103115558624,0.23356464505195618
eef_y,69,0.31877830624580383,0.1806909739971161,0.4328615963459015
eef_z,69,0.02578664757311344,-0.09672656655311584,0.11428908258676529
rot_x,69,-1.5970014333724976,-1.8314414024353027,-1.317415714263916
rot_y,69,0.0639362558722496,-0.06385976076126099,0.22336041927337646
rot_z,69,0.12199708819389343,0.057845499366521835,0.19871385395526886
gripper,69,0.0508306547999382,0.025876052677631378,0.08009347319602966
eef_x,70,0.12689538300037384,-0.03496813029050827,0.2521703243255615
eef_y,70,0.2837011218070984,0.18349282443523407,0.40219631791114807
eef_z,70,-0.03410884737968445,-0.14362367987632751,0.10719612240791321
rot_x,70,-1.6423652172088623,-1.8065106868743896,-1.2982910871505737
rot_y,70,0.13348524272441864,-0.15592794120311737,0.383573055267334
rot_z,70,0.15675385296344757,0.08663620799779892,0.23232579231262207
gripper,70,0.05032919719815254,0.025631826370954514,0.08009347319602966
eef_x,71,0.06117037311196327,-0.11167266219854355,0.24726079404354095
eef_y,71,0.27888262271881104,0.11777326464653015,0.4231018126010895
eef_z,71,-0.01732769049704075,-0.13042601943016052,0.11900509148836136
rot_x,71,-1.5680335760116577,-1.7196650505065918,-1.129024624824524
rot_y,71,-0.07965683192014694,-0.3304011821746826,0.14943130314350128
rot_z,71,0.12446455657482147,0.022981254383921623,0.2040204256772995
gripper,71,0.05954214185476303,0.027193715795874596,0.08009347319602966
eef_x,72,0.11969342082738876,-0.03904389590024948,0.23680371046066284
eef_y,72,0.29317203164100647,0.1561821699142456,0.41769853234291077
eef_z,72,-0.019486481323838234,-0.1228177547454834,0.1081150472164154
rot_x,72,-1.537257432937622,-1.74208664894104,-1.1538448333740234
rot_y,72,-0.036853622645139694,-0.46723881363868713,0.17064209282398224
rot_z,72,0.16740211844444275,0.04213496297597885,0.29614490270614624
gripper,72,0.052755169570446014,0.025440629571676254,0.08009347319602966
eef_x,73,0.09262675791978836,-0.0694577619433403,0.23120558261871338
eef_y,73,0.2760715186595917,0.1298450231552124,0.42074301838874817
eef_z,73,-0.016446080058813095,-0.1420113444328308,0.1085304543375969
rot_x,73,-1.6381123065948486,-1.8620448112487793,-1.1677870750427246
rot_y,73,0.007373825181275606,-0.22104014456272125,0.21385492384433746
rot_z,73,0.1589396446943283,0.02936788648366928,0.24893639981746674
gripper,73,0.05592213571071625,0.02477673999965191,0.08009347319602966
eef_x,74,0.01922045834362507,-0.13695545494556427,0.22338148951530457
eef_y,74,0.28587907552719116,0.14369173347949982,0.40898337960243225
eef_z,74,-0.006599844433367252,-0.10864286869764328,0.09465251117944717
rot_x,74,-1.7309353351593018,-1.9203473329544067,-1.3450239896774292
rot_y,74,0.027970870956778526,-0.14791816473007202,0.25281471014022827
rot_z,74,0.18257814645767212,0.10438480973243713,0.2724783420562744
gripper,74,0.06306667625904083,0.006703584920614958,0.08009347319602966
eef_x,75,0.118223175406456,-0.08559294044971466,0.2714921534061432
eef_y,75,0.3016873896121979,0.18329265713691711,0.43030276894569397
eef_z,75,0.01188140269368887,-0.07358137518167496,0.11879634857177734
rot_x,75,-1.622948408126831,-1.8235605955123901,-1.268956184387207
rot_y,75,0.009038681164383888,-0.3209714889526367,0.195353701710701
rot_z,75,0.1578071564435959,0.09587907791137695,0.26413729786872864
gripper,75,0.055020492523908615,0.025881141424179077,0.08009347319602966
eef_x,76,0.09450879693031311,-0.059633657336235046,0.22940580546855927
eef_y,76,0.2880285382270813,0.14009712636470795,0.41381746530532837
eef_z,76,-0.003233892610296607,-0.12084873765707016,0.13088224828243256
rot_x,76,-1.5516093969345093,-1.8177037239074707,-1.1701418161392212
rot_y,76,0.05730096250772476,-0.2621122896671295,0.2285531461238861
rot_z,76,0.15898819267749786,0.10266641527414322,0.2317287176847458
gripper,76,0.05672828480601311,0.025996701791882515,0.08009347319602966
eef_x,77,0.07990173995494843,-0.022265871986746788,0.2034367173910141
eef_y,77,0.288808673620224,0.16102814674377441,0.41631317138671875
eef_z,77,-0.018141163513064384,-0.13103130459785461,0.14334793388843536
rot_x,77,-1.6210792064666748,-1.763376235961914,-1.2023288011550903
rot_y,77,0.16751281917095184,0.01981394924223423,0.4086817502975464
rot_z,77,0.15930147469043732,0.05438043549656868,0.29842743277549744
gripper,77,0.05977785214781761,0.02499982714653015,0.08009347319602966
eef_x,78,0.08077331632375717,-0.07819003611803055,0.19479891657829285
eef_y,78,0.25002986192703247,0.12675140798091888,0.4336259663105011
eef_z,78,-0.027599623426795006,-0.09701709449291229,0.11804097145795822
rot_x,78,-1.4520857334136963,-1.6042044162750244,-1.348618507385254
rot_y,78,0.15863269567489624,-0.08495378494262695,0.3611396253108978
rot_z,78,0.115291528403759,0.049328409135341644,0.17344069480895996
gripper,78,0.05922059342265129,0.027667241171002388,0.08009347319602966
eef_x,79,0.08914167433977127,-0.07152844965457916,0.2195100337266922
eef_y,79,0.30545106530189514,0.16790571808815002,0.42541566491127014
eef_z,79,-0.002979706274345517,-0.10341816395521164,0.09823881089687347
rot_x,79,-1.557465672492981,-1.812618613243103,-1.22055983543396
rot_y,79,0.026697935536503792,-0.37471455335617065,0.3132857382297516
rot_z,79,0.13906103372573853,0.07870446145534515,0.20081818103790283
gripper,79,0.057657066732645035,0.02581903152167797,0.08009347319602966
eef_x,80,0.11419124901294708,-0.005146875511854887,0.24751918017864227
eef_y,80,0.28747761249542236,0.1539970189332962,0.4183242917060852
eef_z,80,-0.02070792019367218,-0.11610101908445358,0.08261006325483322
rot_x,80,-1.6123020648956299,-1.7744150161743164,-1.2991297245025635
rot_y,80,0.02647187002003193,-0.7530463933944702,0.541390597820282
rot_z,80,0.15566615760326385,0.10152726620435715,0.26968786120414734
gripper,80,0.057486679404973984,0.026825474575161934,0.08009347319602966
eef_x,81,0.0778736025094986,-0.043098125606775284,0.22058144211769104
eef_y,81,0.2962651550769806,0.17638245224952698,0.42693138122558594
eef_z,81,6.85048580635339e-05,-0.119086854159832,0.1424487829208374
rot_x,81,-1.6139520406723022,-1.7663664817810059,-1.3198862075805664
rot_y,81,0.10344801843166351,-0.36870235204696655,0.4925693869590759
rot_z,81,0.16021044552326202,0.07242570072412491,0.27588191628456116
gripper,81,0.05973583832383156,0.02657771110534668,0.08009347319602966
eef_x,82,0.1080138087272644,-0.04753968492150307,0.2560020089149475
eef_y,82,0.31019848585128784,0.17875389754772186,0.4464689791202545
eef_z,82,0.00011911981709999964,-0.12101045250892639,0.11513028293848038
rot_x,82,-1.6006104946136475,-1.760498046875,-1.2564191818237305
rot_y,82,-0.020820798352360725,-0.20898881554603577,0.11122168600559235
rot_z,82,0.14789460599422455,0.0784355029463768,0.2119966596364975
gripper,82,0.057803988456726074,0.02750767581164837,0.08009347319602966
eef_x,83,0.1070280447602272,-0.08898511528968811,0.2468249350786209
eef_y,83,0.3214821219444275,0.18426068127155304,0.4634861350059509
eef_z,83,0.023236719891428947,-0.11247323453426361,0.15631751716136932
rot_x,83,-1.556692123413086,-1.7645058631896973,-1.199384093284607
rot_y,83,0.06627020239830017,-0.31784501671791077,0.2763749957084656
rot_z,83,0.14488011598587036,0.05745827779173851,0.19181254506111145
gripper,83,0.05733305588364601,0.026242664083838463,0.08009347319602966
eef_x,84,0.0315830260515213,-0.11039227247238159,0.13252803683280945
eef_y,84,0.34613996744155884,0.20223009586334229,0.45651039481163025
eef_z,84,0.04315866902470589,-0.1328248530626297,0.13411399722099304
rot_x,84,-1.687368392944336,-1.8621981143951416,-1.3658849000930786
rot_y,84,-0.09425647556781769,-0.8486021757125854,0.14546963572502136
rot_z,84,0.1753838211297989,0.07044210284948349,0.2965281009674072
gripper,84,0.057558078318834305,0.004116716794669628,0.08009347319602966
eef_x,85,0.04780885949730873,-0.045317623764276505,0.13170687854290009
eef_y,85,0.18097496032714844,0.13482530415058136,0.23047886788845062
eef_z,85,0.014528262428939342,-0.05902041122317314,0.0836634635925293
rot_x,85,-1.2441256046295166,-1.484357237815857,-1.1253409385681152
rot_y,85,-0.13166533410549164,-0.36156266927719116,0.14653263986110687
rot_z,85,-0.02379639446735382,-0.10883500427007675,0.0434560589492321
gripper,85,0.06243462115526199,0.020273517817258835,0.08441083878278732
eef_x,86,0.02964160218834877,-0.026602165773510933,0.1306375116109848
eef_y,86,0.1781352311372757,0.13608120381832123,0.22449377179145813
eef_z,86,0.015586488880217075,-0.05120359733700752,0.09613694250583649
rot_x,86,-1.2191699743270874,-1.4084570407867432,-1.0750491619110107
rot_y,86,-0.20579443871974945,-0.37899482250213623,0.09065084159374237
rot_z,86,-0.03446438908576965,-0.10467855632305145,0.03657304495573044
gripper,86,0.05151211470365524,0.005254668183624744,0.08556078374385834
eef_x,87,0.06107327714562416,-0.039720695465803146,0.18404187262058258
eef_y,87,0.17916707694530487,0.1360599398612976,0.2228652536869049
eef_z,87,0.004514975938946009,-0.05572906509041786,0.0967276319861412
rot_x,87,-1.2595810890197754,-1.457181692123413,-1.0384091138839722
rot_y,87,-0.09391804784536362,-0.4839090406894684,0.2897784113883972
rot_z,87,-0.01780695468187332,-0.11092718690633774,0.10864438116550446
gripper,87,0.05221948027610779,0.008023504167795181,0.0821942463517189
eef_x,88,0.08076856285333633,-0.02477247081696987,0.18240194022655487
eef_y,88,0.1789076328277588,0.13993453979492188,0.22079528868198395
eef_z,88,0.016902538016438484,-0.053807422518730164,0.10472184419631958
rot_x,88,-1.2265124320983887,-1.4266231060028076,-1.0399810075759888
rot_y,88,-0.07017335295677185,-0.4103245437145233,0.21964693069458008
rot_z,88,-0.03239470720291138,-0.13678805530071259,0.05812396481633186
gripper,88,0.0540628619492054,0.0045029167085886,0.08542880415916443
eef_x,89,0.034004323184490204,-0.07893162220716476,0.12808619439601898
eef_y,89,0.1731305718421936,0.12877818942070007,0.2251797467470169
eef_z,89,0.007452493533492088,-0.056881070137023926,0.10524453967809677
rot_x,89,-1.2332326173782349,-1.3897863626480103,-0.961167573928833
rot_y,89,-0.22173842787742615,-0.5673176646232605,0.07143837958574295
rot_z,89,-0.035832762718200684,-0.11569789052009583,0.04460238665342331
gripper,89,0.05091487616300583,0.005693458020687103,0.085354283452034
eef_x,90,0.03367321938276291,-0.03332073241472244,0.12829264998435974
eef_y,90,0.17244064807891846,0.13411302864551544,0.22093047201633453
eef_z,90,0.020179906859993935,-0.04890954867005348,0.10812381654977798
rot_x,90,-1.2050355672836304,-1.404406189918518,-1.043643832206726
rot_y,90,-0.17312908172607422,-0.40158602595329285,0.044915132224559784
rot_z,90,-0.04141269251704216,-0.14730262756347656,0.00692730350419879
gripper,90,0.059044454246759415,0.030466901138424873,0.08546338230371475
eef_x,91,0.05003280192613602,-0.04045386239886284,0.14446549117565155
eef_y,91,0.16142253577709198,0.1146162748336792,0.22028948366641998
eef_z,91,0.02026786096394062,-0.0499105341732502,0.10874760895967484
rot_x,91,-1.2126672267913818,-1.3904812335968018,-0.9601671695709229
rot_y,91,-0.09798771888017654,-0.3715268075466156,0.18695902824401855
rot_z,91,-0.0019575313199311495,-0.09178286045789719,0.05265021324157715
gripper,91,0.059934694319963455,0.029624048620462418,0.0854959785938263
eef_x,92,0.016564922407269478,-0.06445785611867905,0.1149166151881218
eef_y,92,0.17297771573066711,0.13229450583457947,0.22038854658603668
eef_z,92,0.022662561386823654,-0.0335625559091568,0.11191527545452118
rot_x,92,-1.1921452283859253,-1.3662474155426025,-1.009966492652893
rot_y,92,-0.2815318703651428,-0.5801653861999512,-0.023954477161169052
rot_z,92,-0.030309658497571945,-0.13375620543956757,0.09409189224243164
gripper,92,0.0600958950817585,0.0057615493424236774,0.08733009546995163
eef_x,93,0.059581074863672256,-0.033758822828531265,0.15515944361686707
eef_y,93,0.17000123858451843,0.13352157175540924,0.225491464138031
eef_z,93,0.021690521389245987,-0.05946169048547745,0.11963231861591339
rot_x,93,-1.245545744895935,-1.409130573272705,-0.9812560677528381
rot_y,93,-0.15235763788223267,-0.5214300751686096,0.1353028416633606
rot_z,93,-0.0205425713211298,-0.08994381874799728,0.057756464928388596
gripper,93,0.06336424499750137,0.031096497550606728,0.08504646271467209
eef_x,94,0.056626029312610626,-0.029896892607212067,0.1233062595129013
eef_y,94,0.17962069809436798,0.11921064555644989,0.2275562584400177
eef_z,94,0.03194243833422661,-0.04645724594593048,0.10293043404817581
rot_x,94,-1.1719969511032104,-1.421302080154419,-0.9429700970649719
rot_y,94,-0.13900341093540192,-0.388516366481781,0.07987165451049805
rot_z,94,-0.042817387729883194,-0.11332380026578903,0.025206176564097404
gripper,94,0.05424153432250023,0.0064256624318659306,0.08538100123405457
eef_x,95,0.05297040194272995,-0.03484129533171654,0.12753765285015106
eef_y,95,0.16927653551101685,0.13170664012432098,0.22565191984176636
eef_z,95,0.027338076382875443,-0.04599235579371452,0.10857487469911575
rot_x,95,-1.2259594202041626,-1.4231046438217163,-0.9624749422073364
rot_y,95,-0.13944165408611298,-0.3683139383792877,0.07501022517681122
rot_z,95,-0.013461482711136341,-0.0902443677186966,0.12502829730510712
gripper,95,0.0596209317445755,0.030486272647976875,0.08526940643787384
eef_x,96,0.05917121469974518,-0.021609025076031685,0.1342308223247528
eef_y,96,0.17114822566509247,0.1246996521949768,0.22848552465438843
eef_z,96,0.017392627894878387,-0.06222958490252495,0.10182517021894455
rot_x,96,-1.25457763671875,-1.463496446609497,-1.0363930463790894
rot_y,96,-0.1124907061457634,-0.36761805415153503,0.07218901813030243
rot_z,96,-0.02569708041846752,-0.09878551214933395,0.03121810220181942
gripper,96,0.062370285391807556,0.03059101291000843,0.08546622842550278
eef_x,97,0.060784514993429184,-0.036904167383909225,0.14967744052410126
eef_y,97,0.18202167749404907,0.12376702576875687,0.2263335883617401
eef_z,97,0.011536533012986183,-0.05009201914072037,0.1039118617773056
rot_x,97,-1.2782024145126343,-1.420021891593933,-1.071711540222168
rot_y,97,-0.10583971440792084,-0.422460675239563,0.18854394555091858
rot_z,97,-0.05523863807320595,-0.17687760293483734,0.06150351092219353
gripper,97,0.06689047813415527,0.006091756280511618,0.08514304459095001
eef_x,98,0.078126460313797,-0.0325281023979187,0.1520070880651474
eef_y,98,0.17881043255329132,0.1342255026102066,0.22913116216659546
eef_z,98,0.010733465664088726,-0.04447100684046745,0.11076982319355011
rot_x,98,-1.2732242345809937,-1.4104470014572144,-1.00212562084198
rot_y,98,-0.07163543999195099,-0.4056670665740967,0.13795559108257294
rot_z,98,-0.03440721333026886,-0.10361307859420776,0.06894280016422272
gripper,98,0.0675547793507576,0.011565610766410828,0.08650485426187515
eef_x,99,0.04933755099773407,-0.03628881275653839,0.12455061078071594
eef_y,99,0.17895503342151642,0.14547821879386902,0.2274554818868637
eef_z,99,0.017701782286167145,-0.053758006542921066,0.12506164610385895
rot_x,99,-1.2407907247543335,-1.4501867294311523,-0.9647460579872131
rot_y,99,-0.15857566893100739,-0.4031977653503418,0.07693164795637131
rot_z,99,-0.05537392199039459,-0.11130744218826294,0.04284610226750374
gripper,99,0.06897588819265366,0.036828551441431046,0.08538804203271866
eef_x,100,0.02899273671209812,-0.034558407962322235,0.13834509253501892
eef_y,100,0.17609919607639313,0.12245146185159683,0.22378940880298615
eef_z,100,0.017049159854650497,-0.05717359483242035,0.1161707416176796
rot_x,100,-1.2486371994018555,-1.4860090017318726,-0.9551641345024109
rot_y,100,-0.1799425184726715,-0.3972654640674591,0.16488666832447052
rot_z,100,-0.04937753453850746,-0.12689369916915894,0.019398074597120285
gripper,100,0.06161321699619293,0.025778794661164284,0.08540134131908417
eef_x,101,0.04197750240564346,-0.035344745963811874,0.1266128420829773
eef_y,101,0.17301222681999207,0.1315193921327591,0.22244085371494293
eef_z,101,0.023297695443034172,-0.05845361202955246,0.10697707533836365
rot_x,101,-1.236464023590088,-1.4794824123382568,-0.9804239869117737
rot_y,101,-0.18656405806541443,-0.4748498201370239,0.06916184723377228
rot_z,101,-0.055459361523389816,-0.11071741580963135,0.03510702773928642
gripper,101,0.06168190762400627,0.03054356388747692,0.08535880595445633
eef_x,102,0.04859510064125061,-0.03559159114956856,0.13219793140888214
eef_y,102,0.17179763317108154,0.12339546531438828,0.22848978638648987
eef_z,102,0.02169816754758358,-0.07230358570814133,0.105347640812397
rot_x,102,-1.2193607091903687,-1.4826539754867554,-0.9581553936004639
rot_y,102,-0.13442622125148773,-0.37462154030799866,0.060191135853528976
rot_z,102,-0.0383489765226841,-0.11434517800807953,0.02772459015250206
gripper,102,0.06284726411104202,0.02643069066107273,0.0865098237991333
eef_x,103,0.057178426533937454,-0.023921292275190353,0.1388479620218277
eef_y,103,0.16698278486728668,0.13381719589233398,0.221544548869133
eef_z,103,0.013356491923332214,-0.07782232761383057,0.10912484675645828
rot_x,103,-1.2412123680114746,-1.4759621620178223,-0.9821940660476685
rot_y,103,-0.12645693123340607,-0.42256829142570496,0.12339428812265396
rot_z,103,-0.034951627254486084,-0.1024128869175911,0.03657141700387001
gripper,103,0.06242452189326286,0.03029167652130127,0.08434047549962997
eef_x,104,0.06720492243766785,-0.02686453051865101,0.12520456314086914
eef_y,104,0.17293910682201385,0.12494371086359024,0.2239377647638321
eef_z,104,0.020080577582120895,-0.07876849919557571,0.10602311789989471
rot_x,104,-1.23725163936615,-1.5457996129989624,-0.9929276704788208
rot_y,104,-0.039500702172517776,-0.38245585560798645,0.27280864119529724
rot_z,104,-0.020316453650593758,-0.14600881934165955,0.09740596264600754
gripper,104,0.05963272973895073,0.02985307201743126,0.08371991664171219
eef_x,105,0.05599441006779671,-0.027226228266954422,0.13092784583568573
eef_y,105,0.1753542572259903,0.13333313167095184,0.22449858486652374
eef_z,105,0.0221357811242342,-0.0525391586124897,0.11929862946271896
rot_x,105,-1.2508548498153687,-1.4434430599212646,-0.9878838062286377
rot_y,105,-0.10906174778938293,-0.32838448882102966,0.0853934958577156
rot_z,105,-0.029188424348831177,-0.11161033064126968,0.02824391797184944
gripper,105,0.06443066895008087,0.03009590320289135,0.08718987554311752
eef_x,106,0.04218313470482826,-0.036456819623708725,0.12186902016401291
eef_y,106,0.1767803281545639,0.13599732518196106,0.2271771878004074
eef_z,106,0.02114502154290676,-0.049778521060943604,0.1306155025959015
rot_x,106,-1.2429800033569336,-1.414492130279541,-0.9367427825927734
rot_y,106,-0.13444827497005463,-0.3210446536540985,0.04559412971138954
rot_z,106,-0.01756276562809944,-0.10011976212263107,0.06408832222223282
gripper,106,0.061031777411699295,0.004974265117198229,0.08781661093235016
eef_x,107,0.047190938144922256,-0.08603393286466599,0.1535576730966568
eef_y,107,0.17998692393302917,0.10713668912649155,0.22041937708854675
eef_z,107,0.027639318257570267,-0.05135735496878624,0.09750105440616608
rot_x,107,-1.2766412496566772,-1.44057297706604,-0.9892888069152832
rot_y,107,-0.15441974997520447,-0.5568805932998657,0.16684012115001678
rot_z,107,-0.027357177808880806,-0.13999329507350922,0.0640777125954628
gripper,107,0.05056064575910568,0.027170607820153236,0.08522215485572815
eef_x,108,0.03950556740164757,-0.027263708412647247,0.1200181320309639
eef_y,108,0.16965162754058838,0.13050495088100433,0.21721722185611725
eef_z,108,0.005085086449980736,-0.06711436063051224,0.08349572867155075
rot_x,108,-1.286823034286499,-1.5166401863098145,-1.041524052619934
rot_y,108,-0.14463825523853302,-0.4021450877189636,0.07967942953109741
rot_z,108,-0.02092180959880352,-0.08239711821079254,0.04618556797504425
gripper,108,0.05863442271947861,0.027853630483150482,0.08408446609973907
eef_x,109,0.036579668521881104,-0.0360884964466095,0.12436335533857346
eef_y,109,0.17767265439033508,0.13911814987659454,0.21899841725826263
eef_z,109,-0.0016599346417933702,-0.08105113357305527,0.08561985194683075
rot_x,109,-1.326918601989746,-1.4916936159133911,-1.0773204565048218
rot_y,109,-0.1422952264547348,-0.40655919909477234,0.12261117994785309
rot_z,109,-0.03569352626800537,-0.11766543239355087,0.05351709574460983
gripper,109,0.05495710298418999,0.029909634962677956,0.08522910624742508
eef_x,110,0.053118996322155,-0.032397717237472534,0.13731780648231506
eef_y,110,0.15963485836982727,0.09440059959888458,0.2125309258699417
eef_z,110,0.014685563743114471,-0.07649512588977814,0.11406512558460236
rot_x,110,-1.2287880182266235,-1.4569391012191772,-0.8995639681816101
rot_y,110,-0.08809346705675125,-0.3501565456390381,0.19645604491233826
rot_z,110,-0.02670428529381752,-0.10720036178827286,0.056103236973285675
gripper,110,0.05721757560968399,0.02921297214925289,0.0852365717291832
eef_x,111,0.06686278432607651,-0.031902067363262177,0.1401701420545578
eef_y,111,0.1680140346288681,0.11049112677574158,0.2253275215625763
eef_z,111,0.0167586300522089,-0.07136180251836777,0.12712903320789337
rot_x,111,-1.2193633317947388,-1.4667859077453613,-0.8837640881538391
rot_y,111,-0.10958515107631683,-0.3183072805404663,0.055357426404953
rot_z,111,-0.016533734276890755,-0.1070975586771965,0.07994893938302994
gripper,111,0.06081918627023697,0.029845871031284332,0.08564463257789612
eef_x,112,0.05821938067674637,-0.03327876329421997,0.15336807072162628
eef_y,112,0.18013696372509003,0.119500070810318,0.22352191805839539
eef_z,112,0.022418169304728508,-0.09074054658412933,0.12696294486522675
rot_x,112,-1.2911916971206665,-1.5819975137710571,-0.9638867974281311
rot_y,112,-0.14746414124965668,-0.39419305324554443,0.1116601899266243
rot_z,112,-0.04762759804725647,-0.11376439779996872,0.034353576600551605
gripper,112,0.05978699401021004,0.027887295931577682,0.08743443340063095
eef_x,113,0.06477877497673035,-0.03763537481427193,0.144990935921669
eef_y,113,0.18020854890346527,0.12452121824026108,0.22139444947242737
eef_z,113,0.012055566534399986,-0.08897192031145096,0.12151430547237396
rot_x,113,-1.3362914323806763,-1.5545463562011719,-1.0513067245483398
rot_y,113,-0.13117054104804993,-0.472827672958374,0.09986630827188492
rot_z,113,-0.05503522604703903,-0.11997070163488388,0.03187348693609238
gripper,113,0.0612751804292202,0.026305699720978737,0.08586200326681137
eef_x,114,0.06525702029466629,-0.027261968702077866,0.14242292940616608
eef_y,114,0.17145083844661713,0.10657862573862076,0.21583916246891022
eef_z,114,0.01732766442000866,-0.08163472265005112,0.11598493158817291
rot_x,114,-1.2869467735290527,-1.4948240518569946,-0.9657025933265686
rot_y,114,-0.16518239676952362,-0.5418995022773743,0.13363081216812134
rot_z,114,-0.043669093400239944,-0.13399948179721832,0.05278713256120682
gripper,114,0.06216812506318092,0.026045426726341248,0.08724334090948105
eef_x,115,0.07043471187353134,-0.017788462340831757,0.14502374827861786
eef_y,115,0.16875004768371582,0.11084731668233871,0.2187567502260208
eef_z,115,0.03485940396785736,-0.06211235746741295,0.13195884227752686
rot_x,115,-1.2517966032028198,-1.477362036705017,-0.9146293997764587
rot_y,115,-0.10115666687488556,-0.356654554605484,0.10860174149274826
rot_z,115,-0.026679102331399918,-0.11841104924678802,0.10045206546783447
gripper,115,0.0587008111178875,0.026992732658982277,0.08760136365890503
eef_x,116,0.054229676723480225,-0.02467317506670952,0.1368061751127243
eef_y,116,0.17481526732444763,0.11847902834415436,0.2207193672657013
eef_z,116,0.014671538956463337,-0.07159481942653656,0.11724090576171875
rot_x,116,-1.2908599376678467,-1.4769254922866821,-1.0000885725021362
rot_y,116,-0.20464707911014557,-0.5136669278144836,0.024745533242821693
rot_z,116,-0.035206619650125504,-0.11171045154333115,0.037254296243190765
gripper,116,0.06127254292368889,0.029056627303361893,0.08744598180055618
eef_x,117,0.051244523376226425,-0.026325466111302376,0.13923826813697815
eef_y,117,0.1748339831829071,0.10598421841859818,0.22058436274528503
eef_z,117,0.00988559890538454,-0.07979284226894379,0.12125570327043533
rot_x,117,-1.341101884841919,-1.5323987007141113,-0.9460093379020691
rot_y,117,-0.16581590473651886,-0.4589340388774872,0.04132658988237381
rot_z,117,-0.025060836225748062,-0.1189640685915947,0.057814087718725204
gripper,117,0.06429068744182587,0.026182498782873154,0.08773794770240784
eef_x,118,0.06069445237517357,-0.029241003096103668,0.1337769776582718
eef_y,118,0.17734386026859283,0.12218276411294937,0.22783499956130981
eef_z,118,0.025410501286387444,-0.07765968143939972,0.10889695584774017
rot_x,118,-1.3104159832000732,-1.4825587272644043,-1.022197961807251
rot_y,118,-0.13414232432842255,-0.3522225320339203,0.061431318521499634
rot_z,118,-0.01161682978272438,-0.09133896976709366,0.05526149645447731
gripper,118,0.06110887974500656,0.028265103697776794,0.08622533082962036
eef_x,119,0.05605008080601692,-0.019294528290629387,0.130406454205513
eef_y,119,0.17149299383163452,0.12203911691904068,0.2182050198316574
eef_z,119,0.01303013414144516,-0.08744589239358902,0.1083277016878128
rot_x,119,-1.3350051641464233,-1.5303480625152588,-1.0623955726623535
rot_y,119,-0.11514481902122498,-0.29020941257476807,0.038851551711559296
rot_z,119,0.007365887518972158,-0.050513673573732376,0.062026601284742355
gripper,119,0.05920078605413437,0.02592671662569046,0.08535575121641159
eef_x,120,0.042093437165021896,-0.048941515386104584,0.11649575084447861
eef_y,120,0.17756690084934235,0.12870027124881744,0.21944783627986908
eef_z,120,0.019426671788096428,-0.07749462872743607,0.12940004467964172
rot_x,120,-1.2838371992111206,-1.5000505447387695,-0.9699509739875793
rot_y,120,-0.15172287821769714,-0.4103628695011139,0.0913635715842247
rot_z,120,-0.013654432259500027,-0.11049941927194595,0.09793469309806824
gripper,120,0.058267395943403244,0.012128102593123913,0.08761753886938095
eef_x,121,0.0659850612282753,-0.0430457629263401,0.1485409438610077
eef_y,121,0.1692620813846588,0.11312922090291977,0.2187901884317398
eef_z,121,0.009609237313270569,-0.09061561524868011,0.12254469096660614
rot_x,121,-1.3033477067947388,-1.5117489099502563,-0.9332739114761353
rot_y,121,-0.04273046925663948,-0.32688844203948975,0.19012591242790222
rot_z,121,-0.004585814196616411,-0.09030690789222717,0.10579874366521835
gripper,121,0.06199498847126961,0.02909807860851288,0.0867890790104866
eef_x,122,0.058156244456768036,-0.05517992749810219,0.14395970106124878
eef_y,122,0.16817612946033478,0.11062382161617279,0.2191394418478012
eef_z,122,0.016970332711935043,-0.07051369547843933,0.12380713224411011
rot_x,122,-1.251894235610962,-1.4717867374420166,-0.9335793256759644
rot_y,122,-0.07716076821088791,-0.43803495168685913,0.26474258303642273
rot_z,122,-0.01032349094748497,-0.0848831906914711,0.07036234438419342
gripper,122,0.06183423474431038,0.02919032797217369,0.08354794234037399
eef_x,123,0.061835065484046936,-0.059369903057813644,0.13525201380252838
eef_y,123,0.17293903231620789,0.11434916406869888,0.2251204252243042
eef_z,123,0.022441834211349487,-0.07020380347967148,0.13993620872497559
rot_x,123,-1.238876461982727,-1.4799472093582153,-0.9241484999656677
rot_y,123,-0.08657566457986832,-0.49126511812210083,0.17481981217861176
rot_z,123,-0.005300039425492287,-0.10705801844596863,0.08979674428701401
gripper,123,0.0615629106760025,0.006503052078187466,0.08411291241645813
eef_x,124,0.0705471932888031,-0.054887816309928894,0.19266755878925323
eef_y,124,0.17329055070877075,0.10121601074934006,0.22367821633815765
eef_z,124,0.027162987738847733,-0.06054766848683357,0.1280067265033722
rot_x,124,-1.2091552019119263,-1.479405403137207,-0.8665415048599243
rot_y,124,-0.047575030475854874,-0.4184153974056244,0.36996087431907654
rot_z,124,0.00655048992484808,-0.07759135961532593,0.10672219097614288
gripper,124,0.06176811829209328,0.017123468220233917,0.08433100581169128
eef_x,125,0.031800489872694016,-0.09299349039793015,0.1482410430908203
eef_y,125,0.1706819087266922,0.1220322847366333,0.2179575115442276
eef_z,125,0.0398704968392849,-0.0756411924958229,0.14716067910194397
rot_x,125,-1.1974213123321533,-1.5414857864379883,-0.8553556799888611
rot_y,125,-0.13485653698444366,-0.4510011374950409,0.209178164601326
rot_z,125,0.007254743482917547,-0.10236077755689621,0.06390411406755447
gripper,125,0.05667024105787277,0.03081810660660267,0.08131138980388641
eef_x,126,0.08241567015647888,-0.052206531167030334,0.20633575320243835
eef_y,126,0.17289550602436066,0.12356625497341156,0.22888630628585815
eef_z,126,0.0285226758569479,-0.06760629266500473,0.13171249628067017
rot_x,126,-1.231667160987854,-1.4821757078170776,-0.9531649947166443
rot_y,126,-0.019323688000440598,-0.39195796847343445,0.3609630763530731
rot_z,126,0.008819266222417355,-0.05338267609477043,0.11509537696838379
gripper,126,0.06093263626098633,0.026173677295446396,0.08224768191576004
eef_x,127,0.06909072399139404,-0.06217779964208603,0.17962035536766052
eef_y,127,0.17689065635204315,0.10654677450656891,0.22383704781532288
eef_z,127,0.022991888225078583,-0.0693025216460228,0.14025701582431793
rot_x,127,-1.2402132749557495,-1.463067650794983,-0.9107993841171265
rot_y,127,-0.04958761855959892,-0.39355576038360596,0.32501116394996643
rot_z,127,-0.01017262414097786,-0.08840128779411316,0.10961855947971344
gripper,127,0.06231006979942322,0.0028725434094667435,0.08724289387464523
eef_x,128,0.03939734399318695,-0.049063485115766525,0.10494157671928406
eef_y,128,0.1767149567604065,0.11882472783327103,0.22896833717823029
eef_z,128,0.01342419907450676,-0.07218845188617706,0.1123771145939827
rot_x,128,-1.3046404123306274,-1.5133614540100098,-0.9974319338798523
rot_y,128,-0.12020238488912582,-0.36832720041275024,0.05981137976050377
rot_z,128,-0.016985703259706497,-0.08573126792907715,0.05194050446152687
gripper,128,0.0604969821870327,0.026579372584819794,0.08114232122898102
eef_x,129,0.054149381816387177,-0.04756784066557884,0.13806752860546112
eef_y,129,0.16246537864208221,0.08914153277873993,0.22658158838748932
eef_z,129,0.03227534517645836,-0.05172823369503021,0.1347614824771881
rot_x,129,-1.1974618434906006,-1.4038172960281372,-0.8955665230751038
rot_y,129,-0.08949774503707886,-0.3619660437107086,0.1518481820821762
rot_z,129,-0.016840096563100815,-0.06881159543991089,0.04823606461286545
gripper,129,0.05676295608282089,0.02614426240324974,0.08290141820907593
eef_x,130,0.08177484571933746,-0.051973603665828705,0.1801418662071228
eef_y,130,0.1634473204612732,0.09548689424991608,0.22675396502017975
eef_z,130,0.009620671160519123,-0.06796769797801971,0.11944778263568878
rot_x,130,-1.2646825313568115,-1.463316798210144,-0.9101240634918213
rot_y,130,-0.017251387238502502,-0.40660718083381653,0.2864111661911011
rot_z,130,0.0028625326231122017,-0.08785948902368546,0.14274205267429352
gripper,130,0.06167260557413101,0.02565739117562771,0.08300171047449112
eef_x,131,0.054653991013765335,-0.05068100243806839,0.11276809126138687
eef_y,131,0.16004642844200134,0.08130346238613129,0.2318350076675415
eef_z,131,0.022755729034543037,-0.0691884383559227,0.12047836184501648
rot_x,131,-1.2496843338012695,-1.4811357259750366,-0.9061524271965027
rot_y,131,-0.09865348041057587,-0.3914888799190521,0.1431000530719757
rot_z,131,0.000760413589887321,-0.0681806355714798,0.08385326713323593
gripper,131,0.05950528010725975,0.023624226450920105,0.08748115599155426
eef_x,132,0.049205828458070755,-0.008765792474150658,0.12310178577899933
eef_y,132,0.17647309601306915,0.11220303922891617,0.2265738546848297
eef_z,132,0.04314111918210983,-0.08005831390619278,0.132920041680336
rot_x,132,-1.175581932067871,-1.5213992595672607,-0.8399043083190918
rot_y,132,-0.12247816473245621,-0.2987579107284546,0.03960647061467171
rot_z,132,-0.012774983420968056,-0.09169181436300278,0.05029631033539772
gripper,132,0.05837838724255562,0.010095126926898956,0.0859137624502182
eef_x,133,0.05315320938825607,-0.02705700881779194,0.12082010507583618
eef_y,133,0.18325519561767578,0.13625898957252502,0.2344384491443634
eef_z,133,0.04195081815123558,-0.0609009712934494,0.16363176703453064
rot_x,133,-1.2325067520141602,-1.4592924118041992,-0.9156627058982849
rot_y,133,-0.08188317716121674,-0.2868197560310364,0.10353276878595352
rot_z,133,0.017351211979985237,-0.05642975494265556,0.07654844224452972
gripper,133,0.058893196284770966,0.02520768716931343,0.08391647785902023
eef_x,134,0.043947476893663406,-0.031726814806461334,0.11806518584489822
eef_y,134,0.18552462756633759,0.11325609683990479,0.23602084815502167
eef_z,134,0.025421811267733574,-0.07366591691970825,0.12805280089378357
rot_x,134,-1.2875064611434937,-1.4817532300949097,-0.9933881759643555
rot_y,134,-0.12367450445890427,-0.3339461088180542,0.11965341866016388
rot_z,134,-0.014938320964574814,-0.08373729884624481,0.04052238538861275
gripper,134,0.06065646559000015,0.026331067085266113,0.08518771082162857
eef_x,135,0.05697925016283989,-0.0042381868697702885,0.12382543832063675
eef_y,135,0.17547141015529633,0.11201532930135727,0.23864969611167908
eef_z,135,0.013302463106811047,-0.08681168407201767,0.13429543375968933
rot_x,135,-1.3493238687515259,-1.5497795343399048,-0.983161211013794
rot_y,135,-0.09887460619211197,-0.31606078147888184,0.08680552989244461
rot_z,135,-0.013341324403882027,-0.09725890308618546,0.05072932690382004
gripper,135,0.06161932274699211,0.025859536603093147,0.0862027108669281
eef_x,136,0.05566063150763512,-0.05696122720837593,0.1214563325047493
eef_y,136,0.18060670793056488,0.12810418009757996,0.2366296499967575
eef_z,136,0.019617658108472824,-0.08163812756538391,0.1441546529531479
rot_x,136,-1.342256784439087,-1.5419610738754272,-1.0108782052993774
rot_y,136,-0.06526489555835724,-0.3407406210899353,0.1406419724225998
rot_z,136,0.0008258088491857052,-0.12673108279705048,0.07062678039073944
gripper,136,0.057508744299411774,0.02625528909265995,0.0807046964764595
eef_x,137,0.05630176514387131,-0.04670914262533188,0.14037160575389862
eef_y,137,0.17300215363502502,0.10800638049840927,0.23251478374004364
eef_z,137,0.015101376920938492,-0.08595674484968185,0.14499449729919434
rot_x,137,-1.3182340860366821,-1.521718978881836,-1.0269538164138794
rot_y,137,-0.11412209272384644,-0.4492664635181427,0.16297617554664612
rot_z,137,-0.010106858797371387,-0.10811484605073929,0.08383455127477646
gripper,137,0.06345847249031067,0.026218704879283905,0.08569943159818649
eef_x,138,0.04373474419116974,-0.04593551531434059,0.10740327835083008
eef_y,138,0.17642030119895935,0.11069511622190475,0.2449437379837036
eef_z,138,0.03863581269979477,-0.05404620245099068,0.14570164680480957
rot_x,138,-1.2808879613876343,-1.4675184488296509,-0.9480187892913818
rot_y,138,-0.1401529461145401,-0.41712212562561035,0.06657034903764725
rot_z,138,0.0022674554493278265,-0.12849768996238708,0.14987041056156158
gripper,138,0.05930675193667412,0.02814641036093235,0.08496440947055817
eef_x,139,0.03198374807834625,-0.044163208454847336,0.12387340515851974
eef_y,139,0.174946129322052,0.10695156455039978,0.23934248089790344
eef_z,139,0.035204507410526276,-0.062486786395311356,0.13646964728832245
rot_x,139,-1.2715030908584595,-1.483140468597412,-0.9613870978355408
rot_y,139,-0.1932833194732666,-0.4680488705635071,0.07519377768039703
rot_z,139,-0.01801978051662445,-0.08982420712709427,0.0901818722486496
gripper,139,0.05668260529637337,0.026168791577219963,0.08491986989974976
eef_x,140,0.04376459866762161,-0.047847408801317215,0.149079367518425
eef_y,140,0.17351849377155304,0.11437293887138367,0.2377498596906662
eef_z,140,0.028293319046497345,-0.07326299697160721,0.15002967417240143
rot_x,140,-1.3040359020233154,-1.5066454410552979,-1.0299261808395386
rot_y,140,-0.1323297768831253,-0.4139153063297272,0.19235973060131073
rot_z,140,0.013000712729990482,-0.06280078738927841,0.10602571815252304
gripper,140,0.057590655982494354,0.02605564333498478,0.08497831225395203
eef_x,141,0.03245322406291962,-0.05497799068689346,0.11892983317375183
eef_y,141,0.17517051100730896,0.12160877883434296,0.23367328941822052
eef_z,141,0.03253155201673508,-0.0759761780500412,0.14730983972549438
rot_x,141,-1.265081524848938,-1.5176159143447876,-0.9767071008682251
rot_y,141,-0.18140798807144165,-0.46777281165122986,0.06869510561227798
rot_z,141,-0.008097146637737751,-0.06269093602895737,0.05901766195893288
gripper,141,0.058487556874752045,0.02808835543692112,0.08525582402944565
eef_x,142,0.045517679303884506,-0.04505961388349533,0.11954914033412933
eef_y,142,0.18287138640880585,0.13573072850704193,0.23795025050640106
eef_z,142,0.0344131737947464,-0.07199383527040482,0.11597481369972229
rot_x,142,-1.2822790145874023,-1.5159125328063965,-1.0509651899337769
rot_y,142,-0.14657439291477203,-0.3895713686943054,0.04527360200881958
rot_z,142,-0.014189011417329311,-0.0861578956246376,0.056642085313797
gripper,142,0.05940471962094307,0.0032772046979516745,0.08477340638637543
eef_x,143,0.05982862040400505,-0.042666200548410416,0.1300448626279831
eef_y,143,0.17408084869384766,0.12706328928470612,0.220854714512825
eef_z,143,0.0071922107599675655,-0.08407720923423767,0.11527743935585022
rot_x,143,-1.3432525396347046,-1.5846920013427734,-0.9998209476470947
rot_y,143,-0.11849715560674667,-0.4410858750343323,0.07586045563220978
rot_z,143,-0.011164185591042042,-0.08462948352098465,0.042457062751054764
gripper,143,0.060518525540828705,0.02657206356525421,0.08505597710609436
eef_x,144,0.044840503484010696,-0.04384446516633034,0.11586613953113556
eef_y,144,0.17428907752037048,0.1148451492190361,0.22344645857810974
eef_z,144,-0.0005434767226688564,-0.06710900366306305,0.08620018512010574
rot_x,144,-1.382370114326477,-1.5392272472381592,-1.0703141689300537
rot_y,144,-0.11876770108938217,-0.424262136220932,0.08536574989557266
rot_z,144,0.032829005271196365,-0.07828760147094727,0.15928687155246735
gripper,144,0.05772639065980911,0.026686375960707664,0.08251675963401794
eef_x,145,0.027036231011152267,-0.027790065854787827,0.08766942471265793
eef_y,145,-0.06939789652824402,-0.12412808835506439,-0.006391081493347883
eef_z,145,0.038872089236974716,0.010869591496884823,0.0829915925860405
rot_x,145,-2.493155002593994,-2.5948009490966797,-2.404740810394287
rot_y,145,-0.007100111339241266,-0.1649569272994995,0.10684868693351746
rot_z,145,-0.045501161366701126,-0.10243047773838043,0.07310832291841507
gripper,145,0.04848533123731613,0.025778120383620262,0.07860734313726425
eef_x,146,0.025451214984059334,-0.03566720709204674,0.09115946292877197
eef_y,146,-0.08559753745794296,-0.1329980343580246,-0.018321460112929344
eef_z,146,0.039215777069330215,0.005824169144034386,0.05924791842699051
rot_x,146,-2.3794679641723633,-2.4846267700195312,-2.291293144226074
rot_y,146,0.006686319597065449,-0.14960859715938568,0.11660092324018478
rot_z,146,-0.03870604559779167,-0.12004110217094421,0.08983904123306274
gripper,146,0.03750358894467354,0.012203776277601719,0.08009347319602966
eef_x,147,0.01797023043036461,-0.06679873913526535,0.08791482448577881
eef_y,147,-0.03990478813648224,-0.10073833912611008,0.04072992131114006
eef_z,147,0.04530712217092514,0.011807377450168133,0.07385925203561783
rot_x,147,-2.33315372467041,-2.4117062091827393,-2.245072603225708
rot_y,147,-0.039299383759498596,-0.29291749000549316,0.11600340157747269
rot_z,147,0.0023604463785886765,-0.10434959083795547,0.20700140297412872
gripper,147,0.04281521216034889,0.013505565002560616,0.08009347319602966
eef_x,148,0.038627684116363525,-0.06364767998456955,0.1485685408115387
eef_y,148,-0.05213303864002228,-0.10282786935567856,0.02569657564163208
eef_z,148,0.04204856604337692,0.010956394486129284,0.07894769310951233
rot_x,148,-2.3565914630889893,-2.432833671569824,-2.273298978805542
rot_y,148,0.05559282377362251,-0.20527812838554382,0.38453036546707153
rot_z,148,-0.04994363710284233,-0.24313655495643616,0.12386917322874069
gripper,148,0.055080316960811615,0.017739739269018173,0.08009347319602966
eef_x,149,-0.003994084894657135,-0.11430581659078598,0.09010610729455948
eef_y,149,-0.043404821306467056,-0.0816023126244545,0.029538767412304878
eef_z,149,0.04513842985033989,0.012233818881213665,0.07472798973321915
rot_x,149,-2.349979877471924,-2.426576852798462,-2.2705323696136475
rot_y,149,-0.049972016364336014,-0.3914514183998108,0.13007833063602448
rot_z,149,0.021132970228791237,-0.08990056067705154,0.16173267364501953
gripper,149,0.039196062833070755,0.016458354890346527,0.08009347319602966
eef_x,150,-0.0015663240337744355,-0.09505418688058853,0.0827181488275528
eef_y,150,-0.046487729996442795,-0.09408225864171982,0.020889677107334137
eef_z,150,0.04344133287668228,0.012223277240991592,0.06960395723581314
rot_x,150,-2.3844170570373535,-2.446652889251709,-2.3049466609954834
rot_y,150,-0.0605882927775383,-0.29929161071777344,0.10630661994218826
rot_z,150,-0.006283884402364492,-0.1087200716137886,0.14530763030052185
gripper,150,0.03987111151218414,0.013820878230035305,0.07629938423633575
eef_x,151,0.013809067197144032,-0.05780781805515289,0.09389234334230423
eef_y,151,-0.05766486003994942,-0.10787200927734375,0.019150760024785995
eef_z,151,0.043292608112096786,0.0020271139219403267,0.07195982336997986
rot_x,151,-2.399888277053833,-2.4705874919891357,-2.314054250717163
rot_y,151,0.0412495955824852,-0.10535744577646255,0.22816351056098938
rot_z,151,-0.01918269880115986,-0.14068551361560822,0.08655132353305817
gripper,151,0.05244128778576851,0.016125967726111412,0.07443081587553024
eef_x,152,0.013730083592236042,-0.06102517619729042,0.09258462488651276
eef_y,152,-0.055182475596666336,-0.11280564963817596,0.01945606619119644
eef_z,152,0.0401347279548645,0.009046798571944237,0.0765705555677414
rot_x,152,-2.391164779663086,-2.461010456085205,-2.333003044128418
rot_y,152,-0.04007589444518089,-0.18984439969062805,0.08279687166213989
rot_z,152,-0.0004140136588830501,-0.09296021610498428,0.1023779883980751
gripper,152,0.056990839540958405,0.019193004816770554,0.07856140285730362
eef_x,153,0.010130807757377625,-0.05156784504652023,0.08705227822065353
eef_y,153,-0.03686811774969101,-0.10232449322938919,0.026877757161855698
eef_z,153,0.03845996782183647,0.008695964701473713,0.06592044234275818
rot_x,153,-2.370335817337036,-2.41363525390625,-2.3204755783081055
rot_y,153,0.020638929679989815,-0.06441505253314972,0.11526689678430557
rot_z,153,-0.008548346348106861,-0.07182792574167252,0.0719146654009819
gripper,153,0.05358234420418739,0.01650550216436386,0.07881265133619308
eef_x,154,0.023889591917395592,-0.057223252952098846,0.08741143345832825
eef_y,154,-0.05009583756327629,-0.10184179991483688,0.0099857272580266
eef_z,154,0.03739401325583458,0.008567361161112785,0.05885704979300499
rot_x,154,-2.405352830886841,-2.457430601119995,-2.3481318950653076
rot_y,154,0.0450831800699234,-0.10982298105955124,0.1922060251235962
rot_z,154,-0.02488568052649498,-0.1256563663482666,0.08029723912477493
gripper,154,0.046652887016534805,0.01433156244456768,0.07587912678718567
eef_x,155,-0.00945472065359354,-0.11287446320056915,0.09161396324634552
eef_y,155,-0.05187849700450897,-0.10472707450389862,0.01767842099070549
eef_z,155,0.04126495495438576,0.008171284571290016,0.06852932274341583
rot_x,155,-2.3821561336517334,-2.4318041801452637,-2.3311967849731445
rot_y,155,-0.049645889550447464,-0.23659031093120575,0.13340874016284943
rot_z,155,0.016145359724760056,-0.08778397738933563,0.1533999741077423
gripper,155,0.04977849870920181,0.01474063191562891,0.07978412508964539
eef_x,156,-0.0255082156509161,-0.13502411544322968,0.09540490806102753
eef_y,156,-0.04767422378063202,-0.10669669508934021,0.05049114301800728
eef_z,156,0.045361947268247604,0.00999041460454464,0.07471970468759537
rot_x,156,-2.3593428134918213,-2.436300277709961,-2.2792787551879883
rot_y,156,-0.13358823955059052,-0.49698764085769653,0.12358807772397995
rot_z,156,0.051581867039203644,-0.11273602396249771,0.21269196271896362
gripper,156,0.05097990855574608,0.013429542072117329,0.07998444139957428
eef_x,157,0.01126759685575962,-0.055685821920633316,0.08800535649061203
eef_y,157,-0.049387287348508835,-0.094788558781147,0.019275274127721786
eef_z,157,0.038323573768138885,0.006998035591095686,0.08627033233642578
rot_x,157,-2.3979296684265137,-2.4397213459014893,-2.356259346008301
rot_y,157,-0.02252928540110588,-0.1532086730003357,0.11816152185201645
rot_z,157,-0.006109758745878935,-0.07923175394535065,0.07479867339134216
gripper,157,0.04796619713306427,0.015495252795517445,0.07851576805114746
eef_x,158,0.004203949123620987,-0.08034494519233704,0.08900228887796402
eef_y,158,-0.06366993486881256,-0.11166801303625107,0.0070078871212899685
eef_z,158,0.03425052762031555,0.005160975735634565,0.05545428395271301
rot_x,158,-2.439919948577881,-2.484710931777954,-2.3712217807769775
rot_y,158,-0.08107524365186691,-0.34028545022010803,0.09542085975408554
rot_z,158,0.009150381200015545,-0.10567636042833328,0.15461136400699615
gripper,158,0.053065523505210876,0.01749822124838829,0.07755826413631439
eef_x,159,0.021838122978806496,-0.06313873082399368,0.10496973246335983
eef_y,159,-0.05661390349268913,-0.10904254019260406,0.017776338383555412
eef_z,159,0.0392313078045845,0.007495088968425989,0.06794314086437225
rot_x,159,-2.394965887069702,-2.47951340675354,-2.315622568130493
rot_y,159,-0.020794879645109177,-0.21701602637767792,0.17725428938865662
rot_z,159,-0.007335450034588575,-0.13210874795913696,0.10606960952281952
gripper,159,0.04825368896126747,0.023811455816030502,0.07795927673578262
eef_x,160,0.012686613947153091,-0.0702773779630661,0.09876256436109543
eef_y,160,-0.06289739161729813,-0.10123822093009949,0.006652072537690401
eef_z,160,0.04206562042236328,0.005451822653412819,0.06499546021223068
rot_x,160,-2.4232091903686523,-2.4934492111206055,-2.3223233222961426
rot_y,160,-0.07786773145198822,-0.220048725605011,0.03431044891476631
rot_z,160,-0.003040117444470525,-0.10612020641565323,0.10936301946640015
gripper,160,0.047009263187646866,0.016668526455760002,0.08009347319602966
eef_x,161,0.01141666155308485,-0.0786450207233429,0.09609886258840561
eef_y,161,-0.06814014166593552,-0.10998500138521194,0.013345763087272644
eef_z,161,0.04475325718522072,0.0030035637319087982,0.08162544667720795
rot_x,161,-2.400425910949707,-2.484442710876465,-2.3239104747772217
rot_y,161,-0.08592202514410019,-0.40392693877220154,0.10549675673246384
rot_z,161,0.026585012674331665,-0.10190195590257645,0.215410977602005
gripper,161,0.04972372204065323,0.015502351336181164,0.0764060914516449
eef_x,162,0.01914694719016552,-0.031094741076231003,0.08095865696668625
eef_y,162,-0.062891386449337,-0.09657107293605804,0.0010395577410236
eef_z,162,0.03811071068048477,0.006554930936545134,0.06660544872283936
rot_x,162,-2.402137279510498,-2.4497110843658447,-2.350616216659546
rot_y,162,-0.05828046798706055,-0.18219059705734253,0.021176505833864212
rot_z,162,0.017454328015446663,-0.06565132737159729,0.09776224941015244
gripper,162,0.05004856735467911,0.015050816349685192,0.08009347319602966
eef_x,163,0.023899244144558907,-0.041231103241443634,0.08345624059438705
eef_y,163,-0.06558848917484283,-0.10065630078315735,0.0027925404720008373
eef_z,163,0.03993950039148331,0.006408199202269316,0.062086716294288635
rot_x,163,-2.400014638900757,-2.440384864807129,-2.3275320529937744
rot_y,163,-0.09997498244047165,-0.34145882725715637,0.028881901875138283
rot_z,163,0.028913335874676704,-0.050780583173036575,0.13531048595905304
gripper,163,0.05266275256872177,0.0147936400026083,0.08009347319602966
eef_x,164,-0.028308643028140068,-0.11832009255886078,0.07351457327604294
eef_y,164,-0.07203570008277893,-0.13250139355659485,-0.00398096302524209
eef_z,164,0.037339963018894196,0.005946654826402664,0.06546827405691147
rot_x,164,-2.4421703815460205,-2.4924917221069336,-2.3903653621673584
rot_y,164,-0.22401916980743408,-0.5244520306587219,0.035401053726673126
rot_z,164,0.08515248447656631,-0.07669873535633087,0.27541789412498474
gripper,164,0.04593038931488991,0.015465292148292065,0.08009347319602966
eef_x,165,0.052268728613853455,-0.02481885813176632,0.16759084165096283
eef_y,165,-0.05843533203005791,-0.11469008028507233,-0.0026209456846117973
eef_z,165,0.044052183628082275,0.0075158108957111835,0.0774882361292839
rot_x,165,-2.4136459827423096,-2.4541940689086914,-2.359349489212036
rot_y,165,0.011023804545402527,-0.12329041957855225,0.18065425753593445
rot_z,165,-0.031400494277477264,-0.2207373082637787,0.08858978748321533
gripper,165,0.04167129099369049,0.015371434390544891,0.07677303999662399
eef_x,166,0.02721511758863926,-0.09971524775028229,0.15467631816864014
eef_y,166,-0.04691854119300842,-0.0869433581829071,0.0010822247713804245
eef_z,166,0.04272227734327316,0.00849255733191967,0.10120547562837601
rot_x,166,-2.408673048019409,-2.451247453689575,-2.317214250564575
rot_y,166,-0.0019802204333245754,-0.1684655100107193,0.13163967430591583
rot_z,166,-0.017227668315172195,-0.12192679941654205,0.09522713720798492
gripper,166,0.044884517788887024,0.0167344082146883,0.07891443371772766
eef_x,167,0.025343528017401695,-0.07963032275438309,0.13877220451831818
eef_y,167,-0.07274491339921951,-0.1121666356921196,-0.002043885877355933
eef_z,167,0.0397779606282711,0.0053356545977294445,0.07116593420505524
rot_x,167,-2.4332571029663086,-2.4897894859313965,-2.3819894790649414
rot_y,167,-0.01608697511255741,-0.21328973770141602,0.1004563495516777
rot_z,167,0.007699048146605492,-0.0858243927359581,0.10142005980014801
gripper,167,0.04776575043797493,0.020267074927687645,0.08009347319602966
eef_x,168,-0.006407067179679871,-0.09332817792892456,0.07869387418031693
eef_y,168,-0.04087034985423088,-0.09804531931877136,0.03832292556762695
eef_z,168,0.04850931465625763,0.011028159409761429,0.08096799999475479
rot_x,168,-2.3699986934661865,-2.439589023590088,-2.307676315307617
rot_y,168,-0.06634394824504852,-0.22528605163097382,0.05055762082338333
rot_z,168,0.032253824174404144,-0.05618046224117279,0.11178557574748993
gripper,168,0.03980259597301483,0.01581602171063423,0.07853470742702484
eef_x,169,0.023189429193735123,-0.12560638785362244,0.1532781720161438
eef_y,169,-0.0742180198431015,-0.1195942685008049,0.004254247527569532
eef_z,169,0.04269300401210785,0.007436791434884071,0.06946444511413574
rot_x,169,-2.425069808959961,-2.478093385696411,-2.3572521209716797
rot_y,169,-0.06454700976610184,-0.45015189051628113,0.1657634973526001
rot_z,169,-0.005805782042443752,-0.1729237586259842,0.262160986661911
gripper,169,0.04418795183300972,0.01519071962684393,0.08009347319602966
eef_x,170,0.020976733416318893,-0.02902638539671898,0.06334687024354935
eef_y,170,-0.04424033686518669,-0.13387706875801086,0.055406395345926285
eef_z,170,0.041108619421720505,0.006445842795073986,0.07013969123363495
rot_x,170,-2.4471375942230225,-2.5062105655670166,-2.371461868286133
rot_y,170,-0.06256146728992462,-0.15620216727256775,0.02147729881107807
rot_z,170,0.04606306180357933,0.012086567468941212,0.09651562571525574
gripper,170,0.06314248591661453,0.026684708893299103,0.08009347319602966
eef_x,171,0.024822667241096497,-0.049938615411520004,0.08114288002252579
eef_y,171,-0.06772157549858093,-0.13555364310741425,0.0016622791299596429
eef_z,171,0.03656263276934624,0.003375778906047344,0.08056633174419403
rot_x,171,-2.422619104385376,-2.511439800262451,-2.360684633255005
rot_y,171,-0.0330759659409523,-0.1629534363746643,0.05558473989367485
rot_z,171,0.01034051738679409,-0.07585839182138443,0.1172664687037468
gripper,171,0.03903632238507271,0.013972303830087185,0.07520020753145218
eef_x,172,0.014159582555294037,-0.062314700335264206,0.1042933315038681
eef_y,172,-0.07152800261974335,-0.11843234300613403,0.025173017755150795
eef_z,172,0.034991711378097534,0.0057287816889584064,0.08927956223487854
rot_x,172,-2.428966760635376,-2.4658055305480957,-2.3828012943267822
rot_y,172,-0.04133439436554909,-0.26690322160720825,0.14622721076011658
rot_z,172,0.014002896845340729,-0.11525534093379974,0.1415056586265564
gripper,172,0.04348578304052353,0.017917105928063393,0.08009347319602966
eef_x,173,0.04968835413455963,0.008489042520523071,0.11961989104747772
eef_y,173,-0.06833124905824661,-0.13873198628425598,0.031418390572071075
eef_z,173,0.04207479953765869,0.004573277197778225,0.07364340126514435
rot_x,173,-2.426957845687866,-2.4822356700897217,-2.383694648742676
rot_y,173,-0.01963992416858673,-0.08806313574314117,0.10011101514101028
rot_z,173,-0.021222641691565514,-0.13355082273483276,0.04763362184166908
gripper,173,0.05150347575545311,0.0203186497092247,0.07158788293600082
eef_x,174,0.04231978952884674,0.004174493718892336,0.11097396165132523
eef_y,174,-0.06344787776470184,-0.11714007705450058,0.03164298087358475
eef_z,174,0.04024709761142731,0.004647389054298401,0.07563674449920654
rot_x,174,-2.4471662044525146,-2.5266222953796387,-2.3869192600250244
rot_y,174,-0.008016245439648628,-0.10421963036060333,0.08042415976524353
rot_z,174,0.013259850442409515,-0.053795572370290756,0.09460826218128204
gripper,174,0.05442030727863312,0.021423783153295517,0.07513004541397095
eef_x,175,0.04030432179570198,-0.0014529986074194312,0.10861819982528687
eef_y,175,-0.07132613658905029,-0.11793722212314606,0.024210577830672264
eef_z,175,0.03853734955191612,0.007008736953139305,0.07531248033046722
rot_x,175,-2.4667582511901855,-2.559401273727417,-2.4201152324676514
rot_y,175,-0.01954067125916481,-0.07524523138999939,0.059378575533628464
rot_z,175,0.03569098562002182,-0.03178056329488754,0.11411558091640472
gripper,175,0.06206974759697914,0.0239911749958992,0.07676798105239868
eef_x,176,0.045471251010894775,-0.0016246557934209704,0.15263155102729797
eef_y,176,-0.06200980395078659,-0.11117515712976456,0.03369268774986267
eef_z,176,0.040449775755405426,0.007433503400534391,0.08889281004667282
rot_x,176,-2.428159713745117,-2.4794540405273438,-2.365999221801758
rot_y,176,0.0011666062055155635,-0.0803985446691513,0.11868030577898026
rot_z,176,0.004969201050698757,-0.09486237913370132,0.07972679287195206
gripper,176,0.04760795086622238,0.02144976705312729,0.07614096254110336
eef_x,177,-0.019933560863137245,-0.09344090521335602,0.014577610418200493
eef_y,177,-0.06403645873069763,-0.11540064960718155,0.041193559765815735
eef_z,177,0.04126222804188728,0.007041024509817362,0.07132716476917267
rot_x,177,-2.438206911087036,-2.484678030014038,-2.3829877376556396
rot_y,177,-0.05324522778391838,-0.1291801482439041,0.04278692230582237
rot_z,177,0.03834308683872223,-0.04561709240078926,0.07092081010341644
gripper,177,0.04614417627453804,0.016462542116642,0.07826049625873566
eef_x,178,0.0353073924779892,0.0009726279531605542,0.08821806311607361
eef_y,178,-0.05825340747833252,-0.11827529221773148,0.032125141471624374
eef_z,178,0.039606865495443344,0.004213161300867796,0.06685195118188858
rot_x,178,-2.4497835636138916,-2.4825222492218018,-2.398555040359497
rot_y,178,0.0028134817257523537,-0.041317880153656006,0.06071305274963379
rot_z,178,0.025190362706780434,-0.018676914274692535,0.06668741255998611
gripper,178,0.055970411747694016,0.0154834920540452,0.07778069376945496
eef_x,179,0.011649289168417454,-0.09160419553518295,0.12937158346176147
eef_y,179,-0.07947330921888351,-0.12581761181354523,0.03481735661625862
eef_z,179,0.039030879735946655,0.004566628485918045,0.0695270448923111
rot_x,179,-2.4500222206115723,-2.5008904933929443,-2.4031729698181152
rot_y,179,0.010653682053089142,-0.1730693280696869,0.27378854155540466
rot_z,179,-0.004317150451242924,-0.19235911965370178,0.11908075958490372
gripper,179,0.04259394481778145,0.014846203848719597,0.0787595734000206
eef_x,180,0.013854270800948143,-0.09065353125333786,0.11038639396429062
eef_y,180,-0.05742328241467476,-0.1138140857219696,0.03571849316358566
eef_z,180,0.043554775416851044,0.008011517114937305,0.07296775281429291
rot_x,180,-2.4228920936584473,-2.5003750324249268,-2.3496644496917725
rot_y,180,-0.016757752746343613,-0.13309380412101746,0.07397155463695526
rot_z,180,0.03809623792767525,-0.06427192687988281,0.11790328472852707
gripper,180,0.04212210699915886,0.017808474600315094,0.08009347319602966
eef_x,181,0.045670587569475174,-0.008365259505808353,0.16984707117080688
eef_y,181,-0.06520164757966995,-0.1114632859826088,0.04265759885311127
eef_z,181,0.03713928163051605,0.007523888722062111,0.060960229486227036
rot_x,181,-2.4438159465789795,-2.4947638511657715,-2.365339756011963
rot_y,181,-0.000986810540780425,-0.09505308419466019,0.1329452097415924
rot_z,181,-0.004315443802624941,-0.17860037088394165,0.1158052310347557
gripper,181,0.04115215688943863,0.01665021851658821,0.08009347319602966
eef_x,182,0.012867903336882591,-0.08712046593427658,0.11893359571695328
eef_y,182,-0.050718363374471664,-0.09516680985689163,-0.018273698166012764
eef_z,182,0.04051665961742401,0.011285650543868542,0.07626709342002869
rot_x,182,-2.3872785568237305,-2.440196990966797,-2.309748649597168
rot_y,182,-0.017663806676864624,-0.132197305560112,0.13273689150810242
rot_z,182,0.00318550574593246,-0.0833720713853836,0.12394970655441284
gripper,182,0.05109773576259613,0.01975572109222412,0.08009347319602966
eef_x,183,0.020165156573057175,-0.08287359029054642,0.11886285245418549
eef_y,183,-0.05831030383706093,-0.09503418207168579,-0.0270009096711874
eef_z,183,0.03695783019065857,0.005083015188574791,0.07926838099956512
rot_x,183,-2.4145052433013916,-2.4526662826538086,-2.3617587089538574
rot_y,183,-0.017363164573907852,-0.1039738580584526,0.06078116595745087
rot_z,183,0.008375804871320724,-0.07202261686325073,0.10569940507411957
gripper,183,0.04895021766424179,0.015111178159713745,0.08009347319602966
eef_x,184,0.022021004930138588,-0.08380287140607834,0.12227378785610199
eef_y,184,-0.06718717515468597,-0.11799470335245132,-0.006740568671375513
eef_z,184,0.02984386309981346,0.0033450471237301826,0.05233094096183777
rot_x,184,-2.4762308597564697,-2.542459011077881,-2.4191882610321045
rot_y,184,-0.042843203991651535,-0.18611204624176025,0.07063351571559906
rot_z,184,0.01630934327840805,-0.08169985562562943,0.14457079768180847
gripper,184,0.047233033925294876,0.014693821780383587,0.08009347319602966
eef_x,185,0.017780015245079994,-0.08317990601062775,0.11611496657133102
eef_y,185,-0.08409490436315536,-0.12852010130882263,-0.031714700162410736
eef_z,185,0.03261658921837807,0.0033018672838807106,0.051982223987579346
rot_x,185,-2.457932949066162,-2.5898349285125732,-2.3977103233337402
rot_y,185,-0.031959500163793564,-0.18213705718517303,0.09445562958717346
rot_z,185,0.025277743116021156,-0.057812102138996124,0.11534186452627182
gripper,185,0.05133567377924919,0.017322633415460587,0.08009347319602966
eef_x,186,0.011088739149272442,-0.08743730187416077,0.11280103772878647
eef_y,186,-0.050124917179346085,-0.10284090787172318,0.039083078503608704
eef_z,186,0.038694415241479874,0.005738722626119852,0.08637190610170364
rot_x,186,-2.4486031532287598,-2.55220890045166,-2.356771230697632
rot_y,186,-0.011080283671617508,-0.13482467830181122,0.06922361999750137
rot_z,186,0.04771663621068001,-0.008223356679081917,0.12789879739284515
gripper,186,0.06382106244564056,0.04205827787518501,0.08009347319602966
eef_x,187,0.02048303745687008,-0.08345135301351547,0.12836498022079468
eef_y,187,-0.06963716447353363,-0.09607900679111481,-0.030388331040740013
eef_z,187,0.030865760520100594,0.004359625279903412,0.049738191068172455
rot_x,187,-2.4691219329833984,-2.5092010498046875,-2.434326410293579
rot_y,187,-0.03540834039449692,-0.17783670127391815,0.14677514135837555
rot_z,187,0.016233371570706367,-0.09482573717832565,0.13119101524353027
gripper,187,0.048143576830625534,0.016057703644037247,0.08009347319602966
eef_x,188,0.025515438988804817,-0.08603210002183914,0.13239321112632751
eef_y,188,-0.07287739962339401,-0.13524289429187775,-0.024216901510953903
eef_z,188,0.03233480453491211,0.002722610952332616,0.05659796670079231
rot_x,188,-2.4719431400299072,-2.615553379058838,-2.414297103881836
rot_y,188,-0.024106239899992943,-0.1905759572982788,0.1264169067144394
rot_z,188,-0.004321153275668621,-0.10162326693534851,0.12976637482643127
gripper,188,0.05131560564041138,0.017501821741461754,0.08009347319602966
eef_x,189,0.009829058311879635,-0.057312026619911194,0.09186704456806183
eef_y,189,-0.10244262218475342,-0.14954179525375366,-0.052779410034418106
eef_z,189,0.04597994312644005,0.018045086413621902,0.05927208065986633
rot_x,189,-2.4464569091796875,-2.560316324234009,-2.385683536529541
rot_y,189,-0.004839124158024788,-0.14085453748703003,0.13947252929210663
rot_z,189,0.000461184186860919,-0.13979366421699524,0.15570466220378876
gripper,189,0.043805256485939026,0.01342717930674553,0.07919496297836304
eef_x,190,0.01705208048224449,-0.05745111405849457,0.08527937531471252
eef_y,190,-0.07397504150867462,-0.12273159623146057,-0.029918672516942024
eef_z,190,0.04870966449379921,0.02921336703002453,0.06407222151756287
rot_x,190,-2.394925594329834,-2.4824392795562744,-2.276320219039917
rot_y,190,0.06321057677268982,-0.01232424657791853,0.136292964220047
rot_z,190,-0.024098997935652733,-0.11565046012401581,0.07958342880010605
gripper,190,0.050356440246105194,0.011746108531951904,0.08009347319602966
eef_x,191,0.013452978804707527,-0.06035536527633667,0.08509312570095062
eef_y,191,-0.10468535125255585,-0.1302119493484497,-0.07141276448965073
eef_z,191,0.041668832302093506,0.024027051404118538,0.056614238768815994
rot_x,191,-2.523712158203125,-2.571553945541382,-2.4635159969329834
rot_y,191,-0.040166158229112625,-0.18067146837711334,0.05358994007110596
rot_z,191,-0.002871899399906397,-0.11055894941091537,0.11595942825078964
gripper,191,0.056836195290088654,0.009202009066939354,0.07747652381658554
eef_x,192,0.015855975449085236,-0.05169553682208061,0.10196314752101898
eef_y,192,-0.1233862042427063,-0.15280522406101227,-0.07954490184783936
eef_z,192,0.04113653674721718,0.023723527789115906,0.04995252564549446
rot_x,192,-2.5548055171966553,-2.6222691535949707,-2.4870827198028564
rot_y,192,0.019154362380504608,-0.15403509140014648,0.19362986087799072
rot_z,192,-0.03322857245802879,-0.2478332817554474,0.08638074994087219
gripper,192,0.05245896428823471,0.012972386553883553,0.07703818380832672
eef_x,193,0.00569192273542285,-0.0785796120762825,0.07866740226745605
eef_y,193,-0.09609732031822205,-0.11378268897533417,-0.07155746221542358
eef_z,193,0.043304700404405594,0.026336949318647385,0.05667205527424812
rot_x,193,-2.5029945373535156,-2.547658681869507,-2.438427209854126
rot_y,193,-0.11599535495042801,-0.33880412578582764,0.09508334845304489
rot_z,193,0.03426386043429375,-0.08608965575695038,0.214861661195755
gripper,193,0.053574323654174805,0.009530077688395977,0.07763312011957169
eef_x,194,0.018744327127933502,-0.06243026629090309,0.08263096958398819
eef_y,194,-0.10344458371400833,-0.12977001070976257,-0.05958443880081177
eef_z,194,0.042748212814331055,0.025315163657069206,0.05666361376643181
rot_x,194,-2.524503469467163,-2.5962765216827393,-2.466482639312744
rot_y,194,0.0745079517364502,-0.18859373033046722,0.3286236524581909
rot_z,194,-0.030012816190719604,-0.1610579490661621,0.1240825206041336
gripper,194,0.0543842613697052,0.01760704629123211,0.07855162769556046
eef_x,195,0.0029846844263374805,-0.059925392270088196,0.041755400598049164
eef_y,195,-0.09167605638504028,-0.1264095902442932,-0.035473909229040146
eef_z,195,0.04578091949224472,0.028415963053703308,0.0572047084569931
rot_x,195,-2.4646711349487305,-2.5319576263427734,-2.398562431335449
rot_y,195,-0.10249130427837372,-0.25363221764564514,0.03803512826561928
rot_z,195,0.01242073718458414,-0.06941281259059906,0.08536968380212784
gripper,195,0.057697031646966934,0.018762528896331787,0.08009347319602966
eef_x,196,-0.0021063480526208878,-0.05666599050164223,0.03236103430390358
eef_y,196,-0.09956663846969604,-0.14602018892765045,-0.03332266956567764
eef_z,196,0.043270550668239594,0.02265922538936138,0.05482802912592888
rot_x,196,-2.484048843383789,-2.5971856117248535,-2.4042370319366455
rot_y,196,-0.0640890896320343,-0.22046718001365662,0.04674484208226204
rot_z,196,-0.001334049622528255,-0.08646741509437561,0.08952558785676956
gripper,196,0.04406047984957695,0.01937495358288288,0.07572826743125916
eef_x,197,0.016743279993534088,-0.05906328558921814,0.11550325155258179
eef_y,197,-0.09304746240377426,-0.12132915109395981,-0.029160134494304657
eef_z,197,0.04455362260341644,0.025124957785010338,0.07277945429086685
rot_x,197,-2.4521374702453613,-2.5077695846557617,-2.3687984943389893
rot_y,197,0.010830202139914036,-0.20073147118091583,0.22458119690418243
rot_z,197,-0.006322331726551056,-0.18433688580989838,0.09934438765048981
gripper,197,0.05167289823293686,0.01781008392572403,0.07834946364164352
eef_x,198,0.03124559298157692,-0.06042114272713661,0.08946291357278824
eef_y,198,-0.07407259941101074,-0.10953960567712784,-0.015390501357614994
eef_z,198,0.04805424064397812,0.02978062815964222,0.06345223635435104
rot_x,198,-2.4351091384887695,-2.486145496368408,-2.3680825233459473
rot_y,198,0.024630026891827583,-0.2394697219133377,0.16133274137973785
rot_z,198,-0.02683171071112156,-0.12206195294857025,0.10456293076276779
gripper,198,0.05192463472485542,0.0163281112909317,0.08009347319602966
eef_x,199,0.006726257037371397,-0.07200969755649567,0.06460263580083847
eef_y,199,-0.08763151615858078,-0.11418697237968445,-0.033023614436388016
eef_z,199,0.04814806580543518,0.02984875813126564,0.07838251441717148
rot_x,199,-2.433783769607544,-2.484708786010742,-2.371753215789795
rot_y,199,0.007656562607735395,-0.17394311726093292,0.1050490140914917
rot_z,199,-0.005849866662174463,-0.08280347287654877,0.13179133832454681
gripper,199,0.03493437170982361,0.016929568722844124,0.0748862475156784
eef_x,200,0.04207311198115349,-0.004285627044737339,0.1127476617693901
eef_y,200,-0.08979840576648712,-0.11875966191291809,-0.04817497730255127
eef_z,200,0.046758830547332764,0.026785457506775856,0.07402690500020981
rot_x,200,-2.4679453372955322,-2.546405553817749,-2.400603771209717
rot_y,200,0.13317742943763733,-0.04487806186079979,0.43762457370758057
rot_z,200,-0.058692269027233124,-0.19993409514427185,0.03996143117547035
gripper,200,0.0575292743742466,0.017210813239216805,0.08009347319602966
eef_x,201,-0.0008230828680098057,-0.06957889348268509,0.06512299180030823
eef_y,201,-0.0878501832485199,-0.1313765048980713,-0.03977210819721222
eef_z,201,0.04795980453491211,0.028502941131591797,0.061781272292137146
rot_x,201,-2.4452004432678223,-2.5455498695373535,-2.393270969390869
rot_y,201,-0.08219516277313232,-0.2742985486984253,0.08883678913116455
rot_z,201,0.021968701854348183,-0.08249236643314362,0.1028522402048111
gripper,201,0.045020006597042084,0.01709979772567749,0.07817047834396362
eef_x,202,0.01951831951737404,-0.05162998288869858,0.08321074396371841
eef_y,202,-0.09379959851503372,-0.13641701638698578,-0.04193035140633583
eef_z,202,0.04660983011126518,0.026573752984404564,0.06029035151004791
rot_x,202,-2.434906244277954,-2.574409246444702,-2.328063726425171
rot_y,202,-0.005714963190257549,-0.1761651337146759,0.13919013738632202
rot_z,202,-0.02148093655705452,-0.10499636083841324,0.09547506272792816
gripper,202,0.048824187368154526,0.018955543637275696,0.08009347319602966
eef_x,203,0.009321748279035091,-0.06993209570646286,0.07920681685209274
eef_y,203,-0.10425814241170883,-0.13727058470249176,-0.05180996656417847
eef_z,203,0.041664477437734604,0.025397974997758865,0.05209104344248772
rot_x,203,-2.4655234813690186,-2.566282272338867,-2.404977321624756
rot_y,203,-0.006641244050115347,-0.22283069789409637,0.15705516934394836
rot_z,203,0.001066883560270071,-0.12177423387765884,0.18084202706813812
gripper,203,0.04644622281193733,0.014408253133296967,0.08009347319602966
eef_x,204,0.015373758971691132,-0.041504982858896255,0.08894689381122589
eef_y,204,-0.10145482420921326,-0.13902853429317474,-0.05137854069471359
eef_z,204,0.04392321780323982,0.02370505779981613,0.05953897908329964
rot_x,204,-2.4648473262786865,-2.6042919158935547,-2.382841110229492
rot_y,204,0.003437967272475362,-0.12356793880462646,0.13181081414222717
rot_z,204,-0.026387570425868034,-0.13570091128349304,0.05342327803373337
gripper,204,0.039791908115148544,0.016847999766469002,0.07455655932426453
eef_x,205,0.01299716904759407,-0.0461033470928669,0.0675428956747055
eef_y,205,-0.08551671355962753,-0.12347153574228287,-0.024804232642054558
eef_z,205,0.04410918802022934,0.024013828486204147,0.06290226429700851
rot_x,205,-2.486171245574951,-2.558772087097168,-2.4041922092437744
rot_y,205,-0.02045285701751709,-0.12680743634700775,0.05039123818278313
rot_z,205,-0.012181274592876434,-0.0843869224190712,0.057828325778245926
gripper,205,0.05590810999274254,0.016948377713561058,0.07802582532167435
eef_x,206,0.011855845339596272,-0.04887567088007927,0.07632789015769958
eef_y,206,-0.08869797736406326,-0.1353742778301239,-0.042533788830041885
eef_z,206,0.04570499807596207,0.024936161935329437,0.059812795370817184
rot_x,206,-2.462250232696533,-2.568244695663452,-2.3746538162231445
rot_y,206,-0.008233818225562572,-0.161159485578537,0.14668896794319153
rot_z,206,-0.0183415524661541,-0.11589488387107849,0.0641774907708168
gripper,206,0.051929038017988205,0.019199732691049576,0.07908505201339722
eef_x,207,-0.0020473047625273466,-0.06421081721782684,0.07547590881586075
eef_y,207,-0.09915716201066971,-0.14928272366523743,-0.05221966281533241
eef_z,207,0.044615019112825394,0.023973634466528893,0.07658490538597107
rot_x,207,-2.4975826740264893,-2.5805816650390625,-2.4073071479797363
rot_y,207,-0.04074704647064209,-0.21032419800758362,0.11868856847286224
rot_z,207,0.02269735559821129,-0.09264472872018814,0.1252155900001526
gripper,207,0.048202548176050186,0.01640630140900612,0.07797499746084213
eef_x,208,0.009268661960959435,-0.04909130930900574,0.07019352167844772
eef_y,208,-0.0988401472568512,-0.1325722187757492,-0.05854646489024162
eef_z,208,0.04282034561038017,0.023341212421655655,0.0604284293949604
rot_x,208,-2.5160768032073975,-2.561892032623291,-2.4670357704162598
rot_y,208,-0.006649312097579241,-0.16107571125030518,0.10587164014577866
rot_z,208,-0.012402147054672241,-0.08286932110786438,0.07977935671806335
gripper,208,0.04610148072242737,0.01756906881928444,0.07921028137207031
eef_x,209,-0.009169954806566238,-0.10232312977313995,0.06693127006292343
eef_y,209,-0.09411546587944031,-0.13525012135505676,-0.05335551127791405
eef_z,209,0.04489102587103844,0.02206699177622795,0.06200719624757767
rot_x,209,-2.476919174194336,-2.517590045928955,-2.414700984954834
rot_y,209,-0.062590092420578,-0.4532994031906128,0.1584548056125641
rot_z,209,0.03951003775000572,-0.07361668348312378,0.24826273322105408
gripper,209,0.04163254797458649,0.017873596400022507,0.0780000239610672
eef_x,210,0.037343744188547134,-0.05174079164862633,0.1428575962781906
eef_y,210,-0.09220597892999649,-0.12997786700725555,-0.04631935432553291
eef_z,210,0.04657140374183655,0.02878621593117714,0.06530003249645233
rot_x,210,-2.4389984607696533,-2.4934659004211426,-2.3652896881103516
rot_y,210,0.0363616906106472,-0.14603854715824127,0.33343902230262756
rot_z,210,-0.047991566359996796,-0.26031064987182617,0.07856286317110062
gripper,210,0.05265698954463005,0.011315370909869671,0.08009347319602966
eef_x,211,0.00863896869122982,-0.048454899340867996,0.06647730618715286
eef_y,211,-0.09109238535165787,-0.12669943273067474,-0.05018048360943794
eef_z,211,0.04468058794736862,0.02768823504447937,0.06546356528997421
rot_x,211,-2.4656360149383545,-2.4995973110198975,-2.406834363937378
rot_y,211,-0.03756607323884964,-0.12966158986091614,0.02941393479704857
rot_z,211,-0.014149466529488564,-0.07221127301454544,0.08143110573291779
gripper,211,0.0537189356982708,0.018291927874088287,0.08009347319602966
eef_x,212,0.004962452221661806,-0.051329679787158966,0.060385022312402725
eef_y,212,-0.08662229776382446,-0.12389933317899704,-0.04701956361532211
eef_z,212,0.04506359249353409,0.024607215076684952,0.06373415142297745
rot_x,212,-2.4540553092956543,-2.513115167617798,-2.3929834365844727
rot_y,212,-0.05635298788547516,-0.18954835832118988,0.03653496503829956
rot_z,212,-0.00045914234942756593,-0.0969715267419815,0.09820763021707535
gripper,212,0.055222682654857635,0.015810994431376457,0.08009347319602966
eef_x,213,-0.001440273248590529,-0.05908818915486336,0.06884884089231491
eef_y,213,-0.0893278419971466,-0.12540186941623688,-0.04872753471136093
eef_z,213,0.045909248292446136,0.027449628338217735,0.07006441801786423
rot_x,213,-2.4540886878967285,-2.4981393814086914,-2.401055097579956
rot_y,213,-0.002121944446116686,-0.13867557048797607,0.17432768642902374
rot_z,213,0.025075998157262802,-0.0698886290192604,0.12924633920192719
gripper,213,0.05207139998674393,0.017374474555253983,0.07465032488107681
eef_x,214,-0.004083257168531418,-0.08465997874736786,0.06762555241584778
eef_y,214,-0.09545248001813889,-0.13867627084255219,-0.04795423150062561
eef_z,214,0.0434752032160759,0.02636207640171051,0.057364627718925476
rot_x,214,-2.4701621532440186,-2.5298421382904053,-2.393831491470337
rot_y,214,-0.06033816561102867,-0.32979369163513184,0.09528961777687073
rot_z,214,0.03373952582478523,-0.06543536484241486,0.17651548981666565
gripper,214,0.05208250507712364,0.016865892335772514,0.07841996848583221
eef_x,215,0.011450560763478279,-0.04941270127892494,0.06896587461233139
eef_y,215,-0.07629183679819107,-0.1264893263578415,-0.0364423431456089
eef_z,215,0.0442923977971077,0.01582271233201027,0.05619318410754204
rot_x,215,-2.425602912902832,-2.5091545581817627,-2.3731744289398193
rot_y,215,-0.004975801333785057,-0.1246764287352562,0.08608769625425339
rot_z,215,-0.017122214660048485,-0.08364731073379517,0.06508826464414597
gripper,215,0.049967456609010696,0.018049264326691628,0.07674045860767365
eef_x,216,0.0025724039878696203,-0.08631695806980133,0.06427422910928726
eef_y,216,-0.09043058753013611,-0.1278131753206253,-0.04811979457736015
eef_z,216,0.04480506107211113,0.027646370232105255,0.054351624101400375
rot_x,216,-2.448831558227539,-2.5227513313293457,-2.404005765914917
rot_y,216,-0.01848134957253933,-0.22896485030651093,0.11138101667165756
rot_z,216,0.009803771041333675,-0.08818824589252472,0.16189450025558472
gripper,216,0.05428081378340721,0.017580172047019005,0.08009347319602966
eef_x,217,0.0012521427124738693,-0.06745854020118713,0.07115244120359421
eef_y,217,-0.08074095845222473,-0.11941152065992355,-0.03627467900514603
eef_z,217,0.04587104544043541,0.029729528352618217,0.06046286225318909
rot_x,217,-2.4337732791900635,-2.507228374481201,-2.3617048263549805
rot_y,217,-0.04334564879536629,-0.2569185495376587,0.15365707874298096
rot_z,217,0.010444669984281063,-0.0941186174750328,0.09012436866760254
gripper,217,0.049999870359897614,0.015349922701716423,0.08009347319602966
eef_x,218,0.0162347462028265,-0.05157532915472984,0.06647519767284393
eef_y,218,-0.0991501733660698,-0.13120418787002563,-0.05094799026846886
eef_z,218,0.04270659387111664,0.024317314848303795,0.06605052947998047
rot_x,218,-2.4806783199310303,-2.5343401432037354,-2.429378032684326
rot_y,218,0.017899472266435623,-0.1764601767063141,0.1401834338903427
rot_z,218,0.019852278754115105,-0.07838455587625504,0.1245155930519104
gripper,218,0.05482272803783417,0.0195798147469759,0.07669948041439056
eef_x,219,0.028781387954950333,-0.021957866847515106,0.08168074488639832
eef_y,219,-0.09728525578975677,-0.1324583739042282,-0.047123827040195465
eef_z,219,0.04591304808855057,0.02335352450609207,0.06722498685121536
rot_x,219,-2.4730618000030518,-2.522512435913086,-2.4080376625061035
rot_y,219,0.0750151202082634,-0.05485362932085991,0.22233034670352936
rot_z,219,-0.03566092997789383,-0.1255141794681549,0.08700450509786606
gripper,219,0.043242789804935455,0.01410591322928667,0.08009347319602966
eef_x,220,0.013133199885487556,-0.033223431557416916,0.06461706757545471
eef_y,220,-0.09028250724077225,-0.12613055109977722,-0.03961792215704918
eef_z,220,0.04715043306350708,0.02739371918141842,0.08153664320707321
rot_x,220,-2.483952522277832,-2.5761935710906982,-2.3949544429779053
rot_y,220,-0.013393883593380451,-0.20675873756408691,0.09912936389446259
rot_z,220,-0.0018509695073589683,-0.08471200615167618,0.09822031855583191
gripper,220,0.04653150960803032,0.014970154501497746,0.08009347319602966
eef_x,221,0.016676705330610275,-0.027592794969677925,0.06628819555044174
eef_y,221,-0.08206183463335037,-0.13178734481334686,-0.025293458253145218
eef_z,221,0.04589657112956047,0.023755637928843498,0.06687181442975998
rot_x,221,-2.4750709533691406,-2.5393831729888916,-2.414130210876465
rot_y,221,0.024465292692184448,-0.04754316061735153,0.09121447801589966
rot_z,221,-0.01953343115746975,-0.06467854231595993,0.023157721385359764
gripper,221,0.06028476729989052,0.02502325363457203,0.08009347319602966
eef_x,222,0.0025417511351406574,-0.03287254273891449,0.059631384909152985
eef_y,222,-0.08919055014848709,-0.1365036517381668,-0.019173400476574898
eef_z,222,0.04703110456466675,0.025081366300582886,0.06374658644199371
rot_x,222,-2.446632146835327,-2.536531686782837,-2.363079071044922
rot_y,222,0.0025043608620762825,-0.07114323228597641,0.07094299793243408
rot_z,222,0.009833463467657566,-0.03274580091238022,0.046484075486660004
gripper,222,0.04946468397974968,0.0170005951076746,0.078950434923172
eef_x,223,0.021769018843770027,-0.03074614889919758,0.06128175929188728
eef_y,223,-0.08350939303636551,-0.1415031999349594,-0.041652925312519073
eef_z,223,0.04531095176935196,0.02677217684686184,0.06584969162940979
rot_x,223,-2.502680778503418,-2.5804834365844727,-2.408602714538574
rot_y,223,-0.0014218969736248255,-0.07946404069662094,0.059616800397634506
rot_z,223,-0.006819615140557289,-0.0891706794500351,0.0844513326883316
gripper,223,0.04627245292067528,0.01938198320567608,0.08009347319602966
eef_x,224,-0.006785965990275145,-0.07843808829784393,0.060584086924791336
eef_y,224,-0.09581506252288818,-0.143088236451149,-0.0195422675460577
eef_z,224,0.046487368643283844,0.02546519786119461,0.06416019052267075
rot_x,224,-2.467263698577881,-2.5681955814361572,-2.379180908203125
rot_y,224,-0.02549494057893753,-0.24783070385456085,0.08644374459981918
rot_z,224,0.01971389353275299,-0.06086418777704239,0.15532387793064117
gripper,224,0.043059639632701874,0.01667899638414383,0.07522007822990417
eef_x,225,0.003083406947553158,-0.036212850362062454,0.055483628064394
eef_y,225,-0.08307694643735886,-0.11723838746547699,-0.021474352106451988
eef_z,225,0.047500383108854294,0.02531174197793007,0.07421737909317017
rot_x,225,-2.4397025108337402,-2.4915411472320557,-2.3755509853363037
rot_y,225,-0.019832074642181396,-0.1139180138707161,0.0869646668434143
rot_z,225,0.011589305475354195,-0.06282233446836472,0.11162644624710083
gripper,225,0.04644805192947388,0.01717091165482998,0.07750805467367172
eef_x,226,-0.004250065889209509,-0.07508343458175659,0.06235915794968605
eef_y,226,-0.09527305513620377,-0.1371631920337677,-0.02249768190085888
eef_z,226,0.045876484364271164,0.024728333577513695,0.060609474778175354
rot_x,226,-2.4626271724700928,-2.564779281616211,-2.375699043273926
rot_y,226,-0.07677846401929855,-0.28809693455696106,0.06302065402269363
rot_z,226,0.02132839523255825,-0.057115551084280014,0.13143964111804962
gripper,226,0.045648712664842606,0.016525382176041603,0.08009347319602966
eef_x,227,0.013367464765906334,-0.021862255409359932,0.05921075865626335
eef_y,227,-0.08744221925735474,-0.14376822113990784,-0.02395964041352272
eef_z,227,0.04588436707854271,0.026192300021648407,0.069691963493824
rot_x,227,-2.463345527648926,-2.5787057876586914,-2.386671543121338
rot_y,227,0.027882160618901253,-0.02971942164003849,0.07676826417446136
rot_z,227,-0.00860984344035387,-0.08839166909456253,0.047016073018312454
gripper,227,0.04273572936654091,0.016418717801570892,0.08009347319602966
eef_x,228,0.00439436873421073,-0.05727658420801163,0.06247478350996971
eef_y,228,-0.0901385247707367,-0.1378089040517807,-0.02253715507686138
eef_z,228,0.04585128650069237,0.026813028380274773,0.08778445422649384
rot_x,228,-2.4591360092163086,-2.528562068939209,-2.3923346996307373
rot_y,228,0.008207591250538826,-0.09601335972547531,0.09136289358139038
rot_z,228,-0.013985483907163143,-0.08820323646068573,0.10265496373176575
gripper,228,0.05672980472445488,0.017155788838863373,0.0795551985502243
eef_x,229,0.004471501801162958,-0.060635294765233994,0.059015966951847076
eef_y,229,-0.10211963206529617,-0.16713431477546692,-0.03382156044244766
eef_z,229,0.04315543174743652,0.024434713646769524,0.07312224060297012
rot_x,229,-2.4793429374694824,-2.5669872760772705,-2.4085795879364014
rot_y,229,-0.09179719537496567,-0.2397315502166748,-0.007015771698206663
rot_z,229,0.03294575214385986,-0.053357578814029694,0.12699495255947113
gripper,229,0.039108745753765106,0.018539566546678543,0.07835601270198822
eef_x,230,0.009130878373980522,-0.055545125156641006,0.06523022800683975
eef_y,230,-0.10389943420886993,-0.14685337245464325,-0.04162197932600975
eef_z,230,0.040896959602832794,0.023791726678609848,0.05335092172026634
rot_x,230,-2.5133960247039795,-2.610443353652954,-2.4631214141845703
rot_y,230,-0.05515958368778229,-0.1745038777589798,0.057003144174814224
rot_z,230,0.01108723133802414,-0.05370291694998741,0.09188731759786606
gripper,230,0.0462159626185894,0.022107476368546486,0.08009347319602966
eef_x,231,-0.010107937268912792,-0.05444784462451935,0.027075543999671936
eef_y,231,-0.11342533677816391,-0.16521629691123962,-0.04030456393957138
eef_z,231,0.041698262095451355,0.02289869822561741,0.06542383879423141
rot_x,231,-2.570321798324585,-2.689760208129883,-2.4311864376068115
rot_y,231,-0.05599337816238403,-0.12864942848682404,0.044766299426555634
rot_z,231,0.004415144212543964,-0.0955549031496048,0.0910298228263855
gripper,231,0.06390217691659927,0.021840620785951614,0.07895072549581528
eef_x,232,0.00397522235289216,-0.061536308377981186,0.06472105532884598
eef_y,232,-0.10622473061084747,-0.1459614485502243,-0.030793938785791397
eef_z,232,0.04242284968495369,0.0228345338255167,0.05878693610429764
rot_x,232,-2.48429274559021,-2.5634727478027344,-2.392021656036377
rot_y,232,-0.045171454548835754,-0.19997842609882355,0.02899492345750332
rot_z,232,0.030054699629545212,-0.04231780394911766,0.132171168923378
gripper,232,0.05100606754422188,0.019675884395837784,0.07895512878894806
eef_x,233,0.007665688171982765,-0.05233817175030708,0.06099771708250046
eef_y,233,-0.10401061922311783,-0.15180771052837372,-0.03102717362344265
eef_z,233,0.042193230241537094,0.026180146262049675,0.055747393518686295
rot_x,233,-2.481614112854004,-2.6217947006225586,-2.396022319793701
rot_y,233,-0.041214779019355774,-0.18075980246067047,0.061806946992874146
rot_z,233,0.008521427400410175,-0.08596260100603104,0.10956642776727676
gripper,233,0.05138133466243744,0.016921639442443848,0.08009347319602966
eef_x,234,-0.012060039676725864,-0.0657280907034874,0.021550973877310753
eef_y,234,-0.08976180851459503,-0.16446007788181305,-0.03402068838477135
eef_z,234,0.047192782163619995,0.023754123598337173,0.07109016925096512
rot_x,234,-2.4641354084014893,-2.563953161239624,-2.3782095909118652
rot_y,234,-0.07738436758518219,-0.2552180886268616,0.06720314919948578
rot_z,234,0.02615419775247574,-0.05134693905711174,0.12015120685100555
gripper,234,0.04785741865634918,0.016103707253932953,0.08009347319602966
eef_x,235,0.002617497695609927,-0.057225607335567474,0.0844898596405983
eef_y,235,-0.09794827550649643,-0.1442694514989853,-0.031811442226171494
eef_z,235,0.04500306770205498,0.023332910612225533,0.05951840803027153
rot_x,235,-2.4913649559020996,-2.5836780071258545,-2.387967348098755
rot_y,235,-0.02744927443563938,-0.08393579721450806,0.0613960325717926
rot_z,235,0.003827241715043783,-0.08687750995159149,0.07838675379753113
gripper,235,0.05494261533021927,0.01783161610364914,0.07965424656867981
eef_x,236,0.004814632702618837,-0.061447177082300186,0.07208294421434402
eef_y,236,-0.09385295957326889,-0.14826896786689758,-0.03713062033057213
eef_z,236,0.04373256117105484,0.02253590151667595,0.06283734738826752
rot_x,236,-2.478700876235962,-2.5725955963134766,-2.3949971199035645
rot_y,236,-0.06583191454410553,-0.2184608280658722,0.09962974488735199
rot_z,236,-0.005043545737862587,-0.11308667808771133,0.10008338838815689
gripper,236,0.04362208768725395,0.017097802832722664,0.08009347319602966
eef_x,237,0.00416266405954957,-0.06014291197061539,0.07414674013853073
eef_y,237,-0.08491241931915283,-0.13878174126148224,-0.04077019914984703
eef_z,237,0.04963717609643936,0.027288280427455902,0.06943971663713455
rot_x,237,-2.4313740730285645,-2.5528736114501953,-2.346245765686035
rot_y,237,-0.028165409341454506,-0.12386912852525711,0.07244602590799332
rot_z,237,0.02347865141928196,-0.04861685633659363,0.09341784566640854
gripper,237,0.051437072455883026,0.01943604089319706,0.08009347319602966
eef_x,238,0.008005748502910137,-0.06200761720538139,0.08567140251398087
eef_y,238,-0.09497334808111191,-0.13883201777935028,-0.04991345852613449
eef_z,238,0.0431196428835392,0.021542469039559364,0.05870920419692993
rot_x,238,-2.4836435317993164,-2.577084541320801,-2.407477617263794
rot_y,238,-0.046185899525880814,-0.22665004432201385,0.1287718117237091
rot_z,238,-0.00993997324258089,-0.1216534897685051,0.09619273990392685
gripper,238,0.05525054782629013,0.018253684043884277,0.08009347319602966
eef_x,239,0.010040702298283577,-0.06378664821386337,0.08585609495639801
eef_y,239,-0.09011052548885345,-0.13408295810222626,-0.04099417105317116
eef_z,239,0.04389341175556183,0.025484200567007065,0.059334225952625275
rot_x,239,-2.4650864601135254,-2.5400748252868652,-2.3896548748016357
rot_y,239,-0.023498287424445152,-0.16200372576713562,0.10844574123620987
rot_z,239,-0.0215107761323452,-0.12566021084785461,0.08684355765581131
gripper,239,0.05392823368310928,0.018411971628665924,0.07770051062107086
eef_x,240,0.005585932172834873,-0.06801480054855347,0.08441922813653946
eef_y,240,-0.09755589067935944,-0.14027072489261627,-0.05261450260877609
eef_z,240,0.045377351343631744,0.026760928332805634,0.0652778148651123
rot_x,240,-2.4803223609924316,-2.543065071105957,-2.4227347373962402
rot_y,240,-0.024151597172021866,-0.1309729516506195,0.09363828599452972
rot_z,240,0.0023302657064050436,-0.09515505284070969,0.1283423751592636
gripper,240,0.04790407046675682,0.015119844116270542,0.08009347319602966
eef_x,241,0.0020496128126978874,-0.06968440115451813,0.08271316438913345
eef_y,241,-0.09917210787534714,-0.14658284187316895,-0.032103341072797775
eef_z,241,0.04521409049630165,0.026660587638616562,0.06618799269199371
rot_x,241,-2.4786572456359863,-2.5692737102508545,-2.366255044937134
rot_y,241,0.0016079917550086975,-0.22538310289382935,0.19334277510643005
rot_z,241,0.0006248385761864483,-0.09683439880609512,0.12456505745649338
gripper,241,0.050071146339178085,0.016904868185520172,0.07880818843841553
eef_x,242,0.0061048660427331924,-0.07572105526924133,0.08109477162361145
eef_y,242,-0.0903070867061615,-0.15322467684745789,-0.04057319834828377
eef_z,242,0.04480458423495293,0.022298196330666542,0.060963504016399384
rot_x,242,-2.463812828063965,-2.6053779125213623,-2.3631362915039062
rot_y,242,-0.11691979318857193,-0.35386884212493896,0.07310368865728378
rot_z,242,0.023329004645347595,-0.08107022196054459,0.17555326223373413
gripper,242,0.051697876304388046,0.019103482365608215,0.07898988574743271
eef_x,243,0.0064643449150025845,-0.06804246455430984,0.08216497302055359
eef_y,243,-0.09474155306816101,-0.14486843347549438,-0.05295904353260994
eef_z,243,0.04401414468884468,0.02465982362627983,0.05801480636000633
rot_x,243,-2.4805502891540527,-2.5879297256469727,-2.3966288566589355
rot_y,243,-0.020808270201086998,-0.11141849309206009,0.08546736091375351
rot_z,243,-0.0027497096452862024,-0.11154048144817352,0.1219787672162056
gripper,243,0.05134085938334465,0.014349768869578838,0.07775933295488358
eef_x,244,0.013920719735324383,-0.06300968676805496,0.08511736243963242
eef_y,244,-0.09145510196685791,-0.13697724044322968,-0.04030795022845268
eef_z,244,0.044997621327638626,0.02704533003270626,0.05923992395401001
rot_x,244,-2.4625368118286133,-2.573739767074585,-2.38759708404541
rot_y,244,0.007802748121321201,-0.13327167928218842,0.16907072067260742
rot_z,244,-0.019853224977850914,-0.11268315464258194,0.09524023532867432
gripper,244,0.052235428243875504,0.019921887665987015,0.07739167660474777
eef_x,245,0.011373666115105152,-0.05728527903556824,0.08184877783060074
eef_y,245,-0.0934186726808548,-0.14786426723003387,-0.04675895348191261
eef_z,245,0.04496479034423828,0.026031864807009697,0.060559216886758804
rot_x,245,-2.465817451477051,-2.6163113117218018,-2.382014751434326
rot_y,245,-0.01991085708141327,-0.17337045073509216,0.11847071349620819
rot_z,245,-0.016163917258381844,-0.09856771677732468,0.07833964377641678
gripper,245,0.053210437297821045,0.016661357134580612,0.08009347319602966
eef_x,246,0.004832033067941666,-0.06789887696504593,0.0720936581492424
eef_y,246,-0.08662715554237366,-0.12167780101299286,-0.0410931333899498
eef_z,246,0.0447143130004406,0.024685367941856384,0.06613986939191818
rot_x,246,-2.4592697620391846,-2.545693874359131,-2.3897764682769775
rot_y,246,-0.03443625569343567,-0.18109802901744843,0.054274674504995346
rot_z,246,0.029231099411845207,-0.04422217234969139,0.1305164247751236
gripper,246,0.047900889068841934,0.014755330979824066,0.07513567060232162
eef_x,247,0.011587400920689106,-0.0637420117855072,0.0879550501704216
eef_y,247,-0.09508313238620758,-0.14340698719024658,-0.05324936658143997
eef_z,247,0.04090461507439613,0.024187279865145683,0.05619816854596138
rot_x,247,-2.4914157390594482,-2.595654249191284,-2.3954193592071533
rot_y,247,-0.0013836128637194633,-0.15812765061855316,0.14847560226917267
rot_z,247,-0.009795904159545898,-0.10568157583475113,0.15399493277072906
gripper,247,0.04137495160102844,0.012497002258896828,0.07840121537446976
eef_x,248,0.0011797446059063077,-0.05765829607844353,0.07925605028867722
eef_y,248,-0.09975220263004303,-0.1365964710712433,-0.05510938540101051
eef_z,248,0.042976219207048416,0.024447109550237656,0.05871228128671646
rot_x,248,-2.5040431022644043,-2.585808515548706,-2.4360222816467285
rot_y,248,-0.003370549064129591,-0.16396000981330872,0.11617033183574677
rot_z,248,-0.00818980298936367,-0.09986060857772827,0.10581385344266891
gripper,248,0.052453067153692245,0.014115734025835991,0.0768691822886467
eef_x,249,-0.006007013376802206,-0.08098375797271729,0.07394387573003769
eef_y,249,-0.09054481983184814,-0.12601952254772186,-0.03786603361368179
eef_z,249,0.047724951058626175,0.026365283876657486,0.06964240968227386
rot_x,249,-2.44185209274292,-2.4855401515960693,-2.378347873687744
rot_y,249,-0.006883788853883743,-0.11675962060689926,0.18597622215747833
rot_z,249,-0.007548443973064423,-0.1286003440618515,0.10886996239423752
gripper,249,0.05628184229135513,0.01851421594619751,0.07810495793819427
eef_x,250,-0.0029903219547122717,-0.092180535197258,0.059050384908914566
eef_y,250,-0.08482223004102707,-0.11516564339399338,-0.028326645493507385
eef_z,250,0.04797583818435669,0.028421642258763313,0.07567539811134338
rot_x,250,-2.4333109855651855,-2.4811456203460693,-2.376981496810913
rot_y,250,-0.04457001015543938,-0.25609666109085083,0.0833834558725357
rot_z,250,0.026542142033576965,-0.05129627883434296,0.15698428452014923
gripper,250,0.054525524377822876,0.01977282203733921,0.08009347319602966
eef_x,251,-0.0025477458257228136,-0.07263122498989105,0.06644473224878311
eef_y,251,-0.09516321867704391,-0.13645406067371368,-0.040050432085990906
eef_z,251,0.04473944380879402,0.024965863674879074,0.060252729803323746
rot_x,251,-2.486884117126465,-2.573735475540161,-2.423234701156616
rot_y,251,-0.02772918902337551,-0.15223820507526398,0.11358895152807236
rot_z,251,-0.008327722549438477,-0.0947008728981018,0.05830598250031471
gripper,251,0.0539141520857811,0.015885431319475174,0.08009347319602966
eef_x,252,0.00015802113921381533,-0.08315344899892807,0.0703430101275444
eef_y,252,-0.09136991202831268,-0.13409079611301422,-0.04149531200528145
eef_z,252,0.04312441870570183,0.02146914415061474,0.06402862817049026
rot_x,252,-2.4849300384521484,-2.553757429122925,-2.4147722721099854
rot_y,252,-0.006043528206646442,-0.26910600066185,0.15948468446731567
rot_z,252,-0.003298287047073245,-0.08174188435077667,0.1194998100399971
gripper,252,0.05332028865814209,0.01874336041510105,0.08009347319602966
eef_x,253,-0.0049345893785357475,-0.08084845542907715,0.06815604865550995
eef_y,253,-0.1026531234383583,-0.1443585455417633,-0.04594263806939125
eef_z,253,0.041600096970796585,0.02288694866001606,0.053741391748189926
rot_x,253,-2.5157413482666016,-2.603893518447876,-2.4543209075927734
rot_y,253,-0.021764462813735008,-0.17918804287910461,0.15128441154956818
rot_z,253,0.007603575009852648,-0.08944454789161682,0.11389045417308807
gripper,253,0.05382698401808739,0.019892331212759018,0.08009347319602966
eef_x,254,0.005577570758759975,-0.07264422625303268,0.06313702464103699
eef_y,254,-0.10415923595428467,-0.13593384623527527,-0.04161164537072182
eef_z,254,0.04441484436392784,0.02352260984480381,0.0742216631770134
rot_x,254,-2.5073912143707275,-2.5582807064056396,-2.4366588592529297
rot_y,254,-0.05421146750450134,-0.25422027707099915,0.0817052349448204
rot_z,254,0.0049470593221485615,-0.09668071568012238,0.1300298422574997
gripper,254,0.05398048087954521,0.020563555881381035,0.08009347319602966
eef_x,255,0.0002947790489997715,-0.0704227015376091,0.06388060003519058
eef_y,255,-0.10181260854005814,-0.13564899563789368,-0.03216243162751198
eef_z,255,0.04605936259031296,0.022597989067435265,0.06246911734342575
rot_x,255,-2.510023355484009,-2.594447612762451,-2.41918683052063
rot_y,255,-0.02165432833135128,-0.16888569295406342,0.10677026212215424
rot_z,255,0.014122450724244118,-0.08215365558862686,0.1280265599489212
gripper,255,0.04204993322491646,0.01911405846476555,0.08009347319602966
eef_x,256,-0.00017561795539222658,-0.07758702337741852,0.06497982889413834
eef_y,256,-0.09526172280311584,-0.14671792089939117,-0.033141691237688065
eef_z,256,0.042725689709186554,0.022040344774723053,0.05853782594203949
rot_x,256,-2.502563714981079,-2.6116487979888916,-2.3901751041412354
rot_y,256,-0.07232214510440826,-0.3204003870487213,0.10928389430046082
rot_z,256,0.022752761840820312,-0.08963101357221603,0.1583443284034729
gripper,256,0.05408491939306259,0.018674731254577637,0.07861156016588211
eef_x,257,-0.01299147680401802,-0.0727529227733612,0.06210756301879883
eef_y,257,-0.10088448226451874,-0.14332397282123566,-0.04040088877081871
eef_z,257,0.04256800189614296,0.022125892341136932,0.061081625521183014
rot_x,257,-2.567833662033081,-2.6752657890319824,-2.4561755657196045
rot_y,257,-0.03224324807524681,-0.13151834905147552,0.08190301060676575
rot_z,257,0.030598558485507965,-0.07093495875597,0.13154634833335876
gripper,257,0.06595777720212936,0.020699581131339073,0.08009347319602966
eef_x,258,-0.01559168566018343,-0.07403689622879028,0.06569136679172516
eef_y,258,-0.10286588221788406,-0.13822194933891296,-0.0468209907412529
eef_z,258,0.04172494634985924,0.021697677671909332,0.06181661784648895
rot_x,258,-2.5724735260009766,-2.62729811668396,-2.48795223236084
rot_y,258,-0.03147955238819122,-0.1529429405927658,0.12209893763065338
rot_z,258,0.021398117765784264,-0.08397158980369568,0.128951758146286
gripper,258,0.05323496460914612,0.018463676795363426,0.0785098671913147
eef_x,259,0.09881062060594559,-0.0707724317908287,0.29113420844078064
eef_y,259,0.31221309304237366,0.1930779665708542,0.4101635217666626
eef_z,259,0.03216171637177467,-0.05040932074189186,0.13287901878356934
rot_x,259,-1.5316275358200073,-1.7119519710540771,-1.1431142091751099
rot_y,259,0.08140154182910919,-0.16443277895450592,0.31423419713974
rot_z,259,0.055526088923215866,-0.06082633510231972,0.19170424342155457
gripper,259,0.05826912820339203,0.028018811717629433,0.08009347319602966
eef_x,260,0.09967091679573059,-0.102314293384552,0.27683594822883606
eef_y,260,0.2883204221725464,0.16464214026927948,0.38750964403152466
eef_z,260,0.019419170916080475,-0.08146370947360992,0.12661364674568176
rot_x,260,-1.5515484809875488,-1.798153042793274,-1.2162704467773438
rot_y,260,0.02329837717115879,-0.13136376440525055,0.4528254568576813
rot_z,260,0.05241280049085617,-0.03125869855284691,0.1342000514268875
gripper,260,0.0540468655526638,0.027629557996988297,0.08009347319602966
eef_x,261,0.09194579720497131,-0.04021771252155304,0.2871354818344116
eef_y,261,0.30744630098342896,0.17348197102546692,0.4132685363292694
eef_z,261,0.04066646844148636,-0.06804387271404266,0.14340858161449432
rot_x,261,-1.5292384624481201,-1.7247552871704102,-1.2254302501678467
rot_y,261,0.0023751049302518368,-0.14672540128231049,0.3580331802368164
rot_z,261,0.03642265871167183,-0.058810245245695114,0.11812126636505127
gripper,261,0.057349737733602524,0.02882351167500019,0.08009347319602966
eef_x,262,0.13271711766719818,-0.03043234907090664,0.28017377853393555
eef_y,262,0.30169612169265747,0.15352407097816467,0.4352392852306366
eef_z,262,0.044076304882764816,-0.08491179347038269,0.1325969099998474
rot_x,262,-1.5023459196090698,-1.7320908308029175,-1.197850227355957
rot_y,262,0.10409361124038696,-0.06470873951911926,0.34240350127220154
rot_z,262,0.044749438762664795,-0.046200551092624664,0.148593008518219
gripper,262,0.058159034699201584,0.028814785182476044,0.08009347319602966
eef_x,263,0.1133079007267952,-0.061527978628873825,0.2855723202228546
eef_y,263,0.28843045234680176,0.1529105305671692,0.38335832953453064
eef_z,263,0.033917538821697235,-0.0955820232629776,0.1428804099559784
rot_x,263,-1.5546116828918457,-1.8166723251342773,-1.1434848308563232
rot_y,263,-0.07628381252288818,-0.6735252141952515,0.34083792567253113
rot_z,263,0.037974826991558075,-0.052723146975040436,0.12907950580120087
gripper,263,0.05849871784448624,0.028712237253785133,0.08009347319602966
eef_x,264,0.12386489659547806,-0.0524759404361248,0.27317100763320923
eef_y,264,0.28661003708839417,0.16283969581127167,0.40228620171546936
eef_z,264,0.021146047860383987,-0.08826281875371933,0.13542219996452332
rot_x,264,-1.5789936780929565,-1.8539860248565674,-1.1835004091262817
rot_y,264,0.024619003757834435,-0.4368293881416321,0.28224799036979675
rot_z,264,0.04756009206175804,-0.02670135349035263,0.17975877225399017
gripper,264,0.05885583534836769,0.028847508132457733,0.08009347319602966
eef_x,265,0.10060122609138489,-0.037568047642707825,0.26919904351234436
eef_y,265,0.2773103415966034,0.15485572814941406,0.4015105068683624
eef_z,265,0.020224004983901978,-0.0930103063583374,0.14863495528697968
rot_x,265,-1.5652645826339722,-1.7634532451629639,-1.1324831247329712
rot_y,265,0.007504420354962349,-0.1866317093372345,0.17807354032993317
rot_z,265,0.04008808732032776,-0.024549737572669983,0.14172913134098053
gripper,265,0.059488724917173386,0.028811577707529068,0.08009347319602966
eef_x,266,0.06796243041753769,-0.050471819937229156,0.19041816890239716
eef_y,266,0.2928799092769623,0.16598641872406006,0.3868001401424408
eef_z,266,0.030562113970518112,-0.08849839866161346,0.15165381133556366
rot_x,266,-1.6358882188796997,-1.8180415630340576,-1.3043519258499146
rot_y,266,-0.043261878192424774,-0.39261865615844727,0.2954586446285248
rot_z,266,0.04690774157643318,-0.03974450007081032,0.1450246423482895
gripper,266,0.0575416274368763,0.025823131203651428,0.08009347319602966
eef_x,267,0.12043347209692001,-0.009955293498933315,0.27489370107650757
eef_y,267,0.3048270642757416,0.1841355860233307,0.3975070118904114
eef_z,267,0.060103438794612885,-0.054533280432224274,0.1532290279865265
rot_x,267,-1.542514681816101,-1.7821264266967773,-1.1224151849746704
rot_y,267,-0.023601500317454338,-0.31198742985725403,0.1958935558795929
rot_z,267,0.05277715250849724,-0.03093196265399456,0.1548217236995697
gripper,267,0.05442472919821739,0.026888368651270866,0.08009347319602966
eef_x,268,0.09204282611608505,-0.0034145519603043795,0.16966351866722107
eef_y,268,0.29240527749061584,0.180159330368042,0.41030552983283997
eef_z,268,0.029589565470814705,-0.060294024646282196,0.15153275430202484
rot_x,268,-1.604100227355957,-1.7766876220703125,-1.198628544807434
rot_y,268,-0.020002426579594612,-0.49898597598075867,0.13445760309696198
rot_z,268,0.036913082003593445,-0.014881353825330734,0.1730509102344513
gripper,268,0.05956536531448364,0.02749505452811718,0.08009347319602966
eef_x,269,0.09863854199647903,-0.05545848235487938,0.195708230137825
eef_y,269,0.2863447368144989,0.18024548888206482,0.3912496864795685
eef_z,269,0.04728828743100166,-0.04530330374836922,0.13622893393039703
rot_x,269,-1.6246541738510132,-1.832173466682434,-1.2781025171279907
rot_y,269,-0.056456200778484344,-0.6124972701072693,0.19434471428394318
rot_z,269,0.03455105796456337,-0.0801243707537651,0.12964953482151031
gripper,269,0.05666826292872429,0.027077773585915565,0.08009347319602966
eef_x,270,0.09525638818740845,-0.06962106376886368,0.25760576128959656
eef_y,270,0.29324209690093994,0.1725185513496399,0.39771249890327454
eef_z,270,0.04481455683708191,-0.06211681291460991,0.15157051384449005
rot_x,270,-1.6218887567520142,-1.848399043083191,-1.1877837181091309
rot_y,270,0.07081912457942963,-0.03135620057582855,0.24460728466510773
rot_z,270,0.03422432765364647,-0.06917554885149002,0.18512190878391266
gripper,270,0.05709972605109215,0.02784772589802742,0.08009347319602966
eef_x,271,0.09359077364206314,-0.12568555772304535,0.25441470742225647
eef_y,271,0.2968117296695709,0.14700937271118164,0.4127160906791687
eef_z,271,0.04738916456699371,-0.05434141308069229,0.16278021037578583
rot_x,271,-1.6109048128128052,-1.7990212440490723,-1.29166841506958
rot_y,271,-0.01858704723417759,-0.5849366188049316,0.269305557012558
rot_z,271,0.03550967946648598,-0.0703006312251091,0.11507643759250641
gripper,271,0.057585638016462326,0.028230495750904083,0.08009347319602966
eef_x,272,0.09192472696304321,0.0340731218457222,0.14940887689590454
eef_y,272,0.29367223381996155,0.16760949790477753,0.39524567127227783
eef_z,272,0.04036852344870567,-0.059684209525585175,0.1632661670446396
rot_x,272,-1.6610347032546997,-1.8587216138839722,-1.2802599668502808
rot_y,272,0.04255038499832153,-0.0832059308886528,0.21698036789894104
rot_z,272,0.05363496020436287,-0.03550884872674942,0.14760421216487885
gripper,272,0.057372599840164185,0.0026788178365677595,0.08009347319602966
eef_x,273,0.05647359788417816,-0.05765637382864952,0.22145235538482666
eef_y,273,0.30478522181510925,0.16487818956375122,0.4031345844268799
eef_z,273,0.04678037390112877,-0.041662298142910004,0.1479632407426834
rot_x,273,-1.6371036767959595,-1.8439571857452393,-1.2346893548965454
rot_y,273,-0.06245014816522598,-0.47218626737594604,0.22740167379379272
rot_z,273,0.03446738421916962,-0.0682252049446106,0.2042970359325409
gripper,273,0.05449514836072922,0.002753298031166196,0.08009347319602966
eef_x,274,0.12326174229383469,-0.030683986842632294,0.27350765466690063
eef_y,274,0.29936912655830383,0.17294307053089142,0.3987162113189697
eef_z,274,0.04464585334062576,-0.07633815705776215,0.15128834545612335
rot_x,274,-1.6142516136169434,-1.8414981365203857,-1.2819621562957764
rot_y,274,-0.001263611251488328,-0.32689040899276733,0.24580620229244232
rot_z,274,0.04307089000940323,-0.025490576401352882,0.20595793426036835
gripper,274,0.057397596538066864,0.027915513142943382,0.08009347319602966
eef_x,275,0.08864138275384903,-0.027524078264832497,0.2355346530675888
eef_y,275,0.3243529796600342,0.20003969967365265,0.4324902892112732
eef_z,275,0.05615309998393059,-0.041091930121183395,0.1638737916946411
rot_x,275,-1.6238394975662231,-1.8549432754516602,-1.1997146606445312
rot_y,275,-0.005304419901221991,-0.19963671267032623,0.2082621306180954
rot_z,275,0.05526979640126228,-0.06623401492834091,0.16256140172481537
gripper,275,0.05599989369511604,0.0036870616022497416,0.08009347319602966
eef_x,276,0.09569654613733292,-0.052410777658224106,0.22874589264392853
eef_y,276,0.30423566699028015,0.1834561675786972,0.4123627841472626
eef_z,276,0.051396194845438004,-0.054749470204114914,0.16071437299251556
rot_x,276,-1.579748272895813,-1.814245343208313,-1.1879078149795532
rot_y,276,-0.00047615767107345164,-0.24953758716583252,0.19107313454151154
rot_z,276,0.05271272361278534,-0.01683208905160427,0.16607174277305603
gripper,276,0.05508607625961304,0.027721606194972992,0.08009347319602966
eef_x,277,0.10230575501918793,-0.05999397486448288,0.23044061660766602
eef_y,277,0.2940593957901001,0.1959945559501648,0.41843125224113464
eef_z,277,0.041424594819545746,-0.08850569278001785,0.1808876097202301
rot_x,277,-1.5632426738739014,-1.8852869272232056,-1.1618484258651733
rot_y,277,0.06633991003036499,-0.09283068776130676,0.24863044917583466
rot_z,277,0.04475771263241768,-0.013187822885811329,0.17683736979961395
gripper,277,0.05986107140779495,0.027791067957878113,0.08009347319602966
eef_x,278,0.11141583323478699,-0.06867509335279465,0.2981974482536316
eef_y,278,0.30022668838500977,0.18190701305866241,0.40042129158973694
eef_z,278,0.034406814724206924,-0.083186075091362,0.16442184150218964
rot_x,278,-1.6190235614776611,-1.9041086435317993,-1.1680124998092651
rot_y,278,-0.0018562946934252977,-0.18618325889110565,0.2819986641407013
rot_z,278,0.055118680000305176,0.0016175085911527276,0.20259569585323334
gripper,278,0.05801691114902496,0.027714479714632034,0.08009347319602966
eef_x,279,0.08874481916427612,-0.050810348242521286,0.23587864637374878
eef_y,279,0.3045996129512787,0.17989854514598846,0.40157338976860046
eef_z,279,0.05036245286464691,-0.04447157680988312,0.15267884731292725
rot_x,279,-1.5347172021865845,-1.7870051860809326,-1.1663568019866943
rot_y,279,0.05482586845755577,-0.24337799847126007,0.35623449087142944
rot_z,279,0.02289123646914959,-0.10061732679605484,0.11120838671922684
gripper,279,0.05567965656518936,0.02766556479036808,0.08009347319602966
eef_x,280,0.11495169997215271,-0.029271366074681282,0.24367974698543549
eef_y,280,0.3034755289554596,0.18616695702075958,0.41297149658203125
eef_z,280,0.04561713710427284,-0.0729973316192627,0.15169788897037506
rot_x,280,-1.5479825735092163,-1.8261247873306274,-1.2246588468551636
rot_y,280,0.07076317071914673,-0.1780918836593628,0.2798638641834259
rot_z,280,0.03266412392258644,-0.04496369510889053,0.12434105575084686
gripper,280,0.056978490203619,0.027368351817131042,0.08009347319602966
eef_x,281,0.11871576309204102,-0.06687445193529129,0.27615904808044434
eef_y,281,0.3110266625881195,0.2078838050365448,0.40741947293281555
eef_z,281,0.04457591846585274,-0.062307387590408325,0.16927951574325562
rot_x,281,-1.5301581621170044,-1.7721140384674072,-1.1144424676895142
rot_y,281,0.08094380050897598,-0.09909440577030182,0.36991944909095764
rot_z,281,0.040873732417821884,-0.00734059140086174,0.15957947075366974
gripper,281,0.05844989791512489,0.027758771553635597,0.08009347319602966
eef_x,282,0.10517044365406036,-0.07393254339694977,0.3002309501171112
eef_y,282,0.29597750306129456,0.18591929972171783,0.4125693142414093
eef_z,282,0.03462649881839752,-0.07553356140851974,0.14962142705917358
rot_x,282,-1.5404211282730103,-1.7977486848831177,-1.2070566415786743
rot_y,282,0.0754329189658165,-0.09606033563613892,0.33384469151496887
rot_z,282,0.050593048334121704,-0.040535636246204376,0.13954311609268188
gripper,282,0.05933971703052521,0.026846256107091904,0.08009347319602966
eef_x,283,0.09671929478645325,-0.07172612845897675,0.24682945013046265
eef_y,283,0.3048495054244995,0.19475556910037994,0.4149180054664612
eef_z,283,0.02798749879002571,-0.09523411840200424,0.13860169053077698
rot_x,283,-1.5725477933883667,-1.8438791036605835,-1.2198129892349243
rot_y,283,0.08588557690382004,-0.23164096474647522,0.3719814419746399
rot_z,283,0.032886069267988205,-0.053938597440719604,0.15237222611904144
gripper,283,0.05720752105116844,0.027396757155656815,0.08009347319602966
eef_x,284,0.11779797822237015,-0.05200878903269768,0.25205081701278687
eef_y,284,0.29855555295944214,0.18447530269622803,0.4112868010997772
eef_z,284,0.029068348929286003,-0.10246975719928741,0.15872326493263245
rot_x,284,-1.615517020225525,-1.8364101648330688,-1.2525508403778076
rot_y,284,-0.003224814310669899,-0.45988279581069946,0.14976006746292114
rot_z,284,0.047095805406570435,-0.0037794329691678286,0.14132434129714966
gripper,284,0.05553896725177765,0.026779411360621452,0.08009347319602966
eef_x,285,0.11269615590572357,-0.055978432297706604,0.27093568444252014
eef_y,285,0.29873397946357727,0.18623016774654388,0.39988043904304504
eef_z,285,0.040696728974580765,-0.08288692682981491,0.149054154753685
rot_x,285,-1.571476936340332,-1.7862671613693237,-1.2355128526687622
rot_y,285,0.008674015291035175,-0.3281140625476837,0.25328007340431213
rot_z,285,0.05361568555235863,-0.009495561011135578,0.13357970118522644
gripper,285,0.05378428101539612,0.026386355981230736,0.08009347319602966
eef_x,286,0.10653841495513916,-0.04949546977877617,0.23543640971183777
eef_y,286,0.29411545395851135,0.16233906149864197,0.4105445146560669
eef_z,286,0.03911730647087097,-0.06735357642173767,0.1538497805595398
rot_x,286,-1.5450377464294434,-1.8118348121643066,-1.2617032527923584
rot_y,286,-0.07577922195196152,-0.5914795994758606,0.23823074996471405
rot_z,286,0.05703375115990639,-0.024635501205921173,0.12868769466876984
gripper,286,0.05593787133693695,0.027024244889616966,0.08009347319602966
eef_x,287,0.11324381083250046,-0.02093459852039814,0.2207956165075302
eef_y,287,0.2953222393989563,0.2001693993806839,0.41452571749687195
eef_z,287,0.0341038815677166,-0.06844410300254822,0.15229979157447815
rot_x,287,-1.5472339391708374,-1.7200143337249756,-1.1898118257522583
rot_y,287,-0.06018355116248131,-0.3648388981819153,0.10051673650741577
rot_z,287,0.047799453139305115,-0.06895469129085541,0.13345272839069366
gripper,287,0.058936767280101776,0.027864184230566025,0.08009347319602966
eef_x,288,0.11106359213590622,-0.05726245418190956,0.2532762587070465
eef_y,288,0.30168211460113525,0.17730030417442322,0.41139090061187744
eef_z,288,0.03550584241747856,-0.08064310252666473,0.15044757723808289
rot_x,288,-1.5807805061340332,-1.759088158607483,-1.2860504388809204
rot_y,288,-0.059213247150182724,-0.5477208495140076,0.27314111590385437
rot_z,288,0.07571156322956085,-0.027178311720490456,0.16277599334716797
gripper,288,0.057609882205724716,0.027942821383476257,0.08009347319602966
eef_x,289,0.13694101572036743,0.00046480176388286054,0.25921717286109924
eef_y,289,0.2970495820045471,0.16841959953308105,0.4146142899990082
eef_z,289,0.035911403596401215,-0.076416015625,0.1481698602437973
rot_x,289,-1.5596303939819336,-1.7564865350723267,-1.2497600317001343
rot_y,289,-0.03270965814590454,-0.41336601972579956,0.16517767310142517
rot_z,289,0.03157611936330795,-0.09051747620105743,0.09824728965759277
gripper,289,0.05547080934047699,0.027327319607138634,0.08009347319602966
eef_x,290,0.05430765822529793,-0.1213918924331665,0.23294851183891296
eef_y,290,0.30866751074790955,0.12696024775505066,0.4343123733997345
eef_z,290,0.005892855115234852,-0.12003755569458008,0.09372041374444962
rot_x,290,-1.5349831581115723,-1.789580225944519,-1.097421407699585
rot_y,290,-0.05060240253806114,-0.33073562383651733,0.3152502179145813
rot_z,290,0.04730377718806267,-0.023121677339076996,0.12403363734483719
gripper,290,0.05643758550286293,0.0264417827129364,0.08009347319602966
eef_x,291,0.028462907299399376,-0.13048218190670013,0.23800520598888397
eef_y,291,0.31854432821273804,0.1747841089963913,0.4903695285320282
eef_z,291,0.006273314356803894,-0.1114712655544281,0.10252788662910461
rot_x,291,-1.5663938522338867,-1.84272301197052,-1.215613842010498
rot_y,291,-0.14518457651138306,-0.48254820704460144,0.18297404050827026
rot_z,291,0.04586892947554588,-0.04659249633550644,0.15510672330856323
gripper,291,0.05678591504693031,0.025615816935896873,0.08009347319602966
eef_x,292,0.07272787392139435,-0.12037530541419983,0.23696742951869965
eef_y,292,0.30079320073127747,0.16732172667980194,0.4271877408027649
eef_z,292,0.008385652676224709,-0.09688656777143478,0.09887128323316574
rot_x,292,-1.5528621673583984,-1.8129644393920898,-1.2054859399795532
rot_y,292,-0.0816742479801178,-0.24240395426750183,0.07231363654136658
rot_z,292,0.035939864814281464,-0.03451806306838989,0.14054186642169952
gripper,292,0.05898516625165939,0.026321392506361008,0.08009347319602966
eef_x,293,0.06531106680631638,-0.12420192360877991,0.2915147840976715
eef_y,293,0.3449056148529053,0.1726270467042923,0.47452017664909363
eef_z,293,0.029545489698648453,-0.09329426288604736,0.15233060717582703
rot_x,293,-1.605228066444397,-1.884338140487671,-1.2696853876113892
rot_y,293,-0.13804668188095093,-0.43258094787597656,0.1285329908132553
rot_z,293,0.03263441100716591,-0.07112003862857819,0.13060539960861206
gripper,293,0.056259214878082275,0.0026751402765512466,0.08009347319602966
eef_x,294,0.05188995227217674,-0.12881773710250854,0.23269565403461456
eef_y,294,0.3180396556854248,0.17078259587287903,0.4583587646484375
eef_z,294,0.038360364735126495,-0.10128477960824966,0.1667347252368927
rot_x,294,-1.502946138381958,-1.829397201538086,-1.160449743270874
rot_y,294,-0.06722697615623474,-0.2708118259906769,0.10003041476011276
rot_z,294,0.04492899030447006,-0.020987404510378838,0.10244724899530411
gripper,294,0.05687450245022774,0.0271402969956398,0.08009347319602966
eef_x,295,0.04576709866523743,-0.14578230679035187,0.25978729128837585
eef_y,295,0.31367331743240356,0.2199667990207672,0.41831862926483154
eef_z,295,0.006211124360561371,-0.07947215437889099,0.12172244489192963
rot_x,295,-1.5495191812515259,-1.921697974205017,-1.2305865287780762
rot_y,295,-0.09282959997653961,-0.30119845271110535,0.17779146134853363
rot_z,295,0.03900712728500366,-0.02968260459601879,0.15941348671913147
gripper,295,0.05435110628604889,0.026955023407936096,0.08009347319602966
eef_x,296,0.05434268340468407,-0.1213139221072197,0.23342686891555786
eef_y,296,0.30914923548698425,0.12745076417922974,0.4357358515262604
eef_z,296,0.006014302838593721,-0.11970605701208115,0.09355039894580841
rot_x,296,-1.5346598625183105,-1.7880324125289917,-1.0962955951690674
rot_y,296,-0.05157281458377838,-0.33302631974220276,0.3138149678707123
rot_z,296,0.04784253239631653,-0.022923173382878304,0.12412495166063309
gripper,296,0.05643758550286293,0.0264417827129364,0.08009347319602966
eef_x,297,0.029333747923374176,-0.12999407947063446,0.23772116005420685
eef_y,297,0.3191952109336853,0.1748964488506317,0.4907504916191101
eef_z,297,0.006707082036882639,-0.11103121191263199,0.10328850895166397
rot_x,297,-1.5664101839065552,-1.8422149419784546,-1.216198205947876
rot_y,297,-0.14728496968746185,-0.48559334874153137,0.18162031471729279
rot_z,297,0.04657980799674988,-0.045967523008584976,0.1555631011724472
gripper,297,0.05678591504693031,0.025615816935896873,0.08009347319602966
eef_x,298,0.18887633085250854,0.06660955399274826,0.3194991946220398
eef_y,298,0.18187090754508972,0.16115956008434296,0.22091205418109894
eef_z,298,0.11012449860572815,-0.038583289831876755,0.2870391309261322
rot_x,298,-1.719994306564331,-1.7396451234817505,-1.604597806930542
rot_y,298,-0.03140134736895561,-0.04249683395028114,-0.026096150279045105
rot_z,298,0.03335922956466675,0.009864626452326775,0.03895152732729912
gripper,298,0.08009345829486847,0.08009347319602966,0.08009347319602966
eef_x,299,0.06550092250108719,-0.1238066777586937,0.22844097018241882
eef_y,299,0.4393541216850281,0.21340219676494598,0.5558555722236633
eef_z,299,-0.11707733571529388,-0.22258731722831726,-0.02541852928698063
rot_x,299,-1.538969874382019,-1.7991636991500854,-1.190795660018921
rot_y,299,-0.07302775979042053,-0.23212772607803345,0.08867090940475464
rot_z,299,0.008746759034693241,-0.061850253492593765,0.11220856010913849
gripper,299,0.05852630361914635,0.026321392506361008,0.08009347319602966
eef_x,300,0.06562044471502304,-0.12485842406749725,0.2916242480278015
eef_y,300,0.34519708156585693,0.17336127161979675,0.4757932424545288
eef_z,300,0.029643872752785683,-0.09307566285133362,0.15215204656124115
rot_x,300,-1.6053245067596436,-1.8846170902252197,-1.2692705392837524
rot_y,300,-0.13943397998809814,-0.43459194898605347,0.12625035643577576
rot_z,300,0.03307688608765602,-0.06984235346317291,0.12733662128448486
gripper,300,0.056259214878082275,0.0026751402765512466,0.08009347319602966
eef_x,301,0.051795873790979385,-0.12934382259845734,0.23171715438365936
eef_y,301,0.3185325860977173,0.16333523392677307,0.458062082529068
eef_z,301,0.038592156022787094,-0.10118857026100159,0.16728270053863525
rot_x,301,-1.5026068687438965,-1.8272058963775635,-1.1607081890106201
rot_y,301,-0.06820635497570038,-0.27238160371780396,0.10051052272319794
rot_z,301,0.04543600603938103,-0.020190566778182983,0.1015942245721817
gripper,301,0.05687450245022774,0.0271402969956398,0.08009347319602966
eef_x,302,0.04618668928742409,-0.14569377899169922,0.2604423761367798
eef_y,302,0.31469449400901794,0.21780143678188324,0.4225196838378906
eef_z,302,0.006129269953817129,-0.07937890291213989,0.12121812254190445
rot_x,302,-1.5486146211624146,-1.9197511672973633,-1.230771541595459
rot_y,302,-0.09462510794401169,-0.3022429943084717,0.1761084645986557
rot_z,302,0.04018165171146393,-0.027975572273135185,0.16024985909461975
gripper,302,0.05435110628604889,0.026955023407936096,0.08009347319602966
eef_x,303,0.05299050360918045,-0.14906102418899536,0.2472582757472992
eef_y,303,0.31169429421424866,0.19546543061733246,0.43328800797462463
eef_z,303,0.008396359160542488,-0.11112266033887863,0.1261928528547287
rot_x,303,-1.52950119972229,-1.9171173572540283,-1.1185578107833862
rot_y,303,-0.141173854470253,-0.5988699793815613,0.07905911654233932
rot_z,303,0.055265605449676514,-0.03379177674651146,0.1496865451335907
gripper,303,0.05357212573289871,0.027863286435604095,0.08009347319602966
eef_x,304,0.01351764053106308,-0.1641855537891388,0.20674735307693481
eef_y,304,0.29362252354621887,0.2012738734483719,0.40090426802635193
eef_z,304,-0.027752237394452095,-0.0871640294790268,0.07610362023115158
rot_x,304,-1.7690513134002686,-1.9340139627456665,-1.6409624814987183
rot_y,304,-0.11677564680576324,-0.4278787672519684,0.27012988924980164
rot_z,304,0.009705538861453533,-0.09210453927516937,0.13423502445220947
gripper,304,0.05869992449879646,0.028753720223903656,0.08009347319602966
eef_x,305,-0.008492486551404,-0.15403489768505096,0.08544814586639404
eef_y,305,0.35156238079071045,0.21691149473190308,0.5279263257980347
eef_z,305,0.06341181695461273,-0.030985556542873383,0.19899113476276398
rot_x,305,-1.7187554836273193,-1.893128514289856,-1.6064759492874146
rot_y,305,-0.11149396002292633,-0.4263162910938263,0.03271660953760147
rot_z,305,0.0589771643280983,-0.0027321702800691128,0.11429433524608612
gripper,305,0.05820602923631668,0.029186414554715157,0.08009347319602966
eef_x,306,0.032592445611953735,-0.1266581267118454,0.13026754558086395
eef_y,306,0.33457568287849426,0.19048777222633362,0.4595169425010681
eef_z,306,0.04615120217204094,-0.09600497782230377,0.1939670443534851
rot_x,306,-1.734580636024475,-1.9038739204406738,-1.4802675247192383
rot_y,306,-0.0631435438990593,-0.25054308772087097,0.14061962068080902
rot_z,306,0.05096161365509033,-0.021637191995978355,0.19120334088802338
gripper,306,0.06222807243466377,0.030289532616734505,0.08009347319602966
eef_x,307,0.0794377401471138,-0.13102413713932037,0.20116309821605682
eef_y,307,0.3189935088157654,0.17517919838428497,0.4669893980026245
eef_z,307,0.0044754883274436,-0.11953581124544144,0.15741975605487823
rot_x,307,-1.772809624671936,-1.9598169326782227,-1.4977959394454956
rot_y,307,-0.03224474936723709,-0.4117884337902069,0.2580179274082184
rot_z,307,0.08946283906698227,-0.05661972612142563,0.21366800367832184
gripper,307,0.06335423141717911,0.014438503421843052,0.08009347319602966
eef_x,308,-0.0006296325591392815,-0.1289968341588974,0.17833131551742554
eef_y,308,0.30778220295906067,0.1912001669406891,0.48149004578590393
eef_z,308,0.02410125359892845,-0.15364280343055725,0.2645691931247711
rot_x,308,-1.7137534618377686,-1.8898223638534546,-1.400580644607544
rot_y,308,-0.12419486045837402,-0.4558890461921692,0.13342122733592987
rot_z,308,0.05458943918347359,-0.08788443356752396,0.1642616093158722
gripper,308,0.0544954277575016,0.02927641198039055,0.08009347319602966
eef_x,309,0.0020621323492377996,-0.2283990979194641,0.22158372402191162
eef_y,309,0.3477659523487091,0.197681725025177,0.4999687671661377
eef_z,309,0.06036539375782013,-0.09967979788780212,0.22208404541015625
rot_x,309,-1.666277527809143,-1.8119889497756958,-1.474168062210083
rot_y,309,-0.10642298310995102,-0.5323272347450256,0.35963910818099976
rot_z,309,0.038280338048934937,-0.11455998569726944,0.17515698075294495
gripper,309,0.05776853486895561,0.029753483831882477,0.08009347319602966
eef_x,310,0.08370362222194672,-0.10039658099412918,0.2243005931377411
eef_y,310,0.322875440120697,0.19536033272743225,0.46671345829963684
eef_z,310,-0.01057950034737587,-0.11785216629505157,0.11704148352146149
rot_x,310,-1.5801782608032227,-1.816182017326355,-1.1726276874542236
rot_y,310,-0.15236474573612213,-0.5412411689758301,0.10088958591222763
rot_z,310,0.05501481890678406,-0.049723584204912186,0.16006962954998016
gripper,310,0.06125229597091675,0.03286650404334068,0.08653955161571503
eef_x,311,0.050896234810352325,-0.20786331593990326,0.2721236050128937
eef_y,311,0.33436745405197144,0.19962261617183685,0.469905823469162
eef_z,311,0.005990421399474144,-0.09984224289655685,0.12281613051891327
rot_x,311,-1.5781651735305786,-1.7967549562454224,-1.2392805814743042
rot_y,311,-0.1424156278371811,-0.513782799243927,0.15881027281284332
rot_z,311,0.04345320537686348,-0.0356319360435009,0.11812832951545715
gripper,311,0.06221354380249977,0.031876057386398315,0.08653955161571503
eef_x,312,0.04832196980714798,-0.14105437695980072,0.19926004111766815
eef_y,312,0.33363574743270874,0.19786536693572998,0.4645816683769226
eef_z,312,0.007955226115882397,-0.08783847093582153,0.11162817478179932
rot_x,312,-1.5481839179992676,-1.7783173322677612,-1.1785893440246582
rot_y,312,-0.05654565244913101,-0.3381008207798004,0.14391300082206726
rot_z,312,0.060043707489967346,-0.01667616330087185,0.15624628961086273
gripper,312,0.06355377286672592,0.030360499396920204,0.08653955161571503
eef_x,313,0.07266693562269211,-0.130990669131279,0.2669314444065094
eef_y,313,0.32814502716064453,0.21164043247699738,0.4585922062397003
eef_z,313,-0.006564781069755554,-0.11233735084533691,0.10714506357908249
rot_x,313,-1.5329362154006958,-1.7709511518478394,-1.1664917469024658
rot_y,313,-0.19949163496494293,-0.782454788684845,0.030560210347175598
rot_z,313,0.07608319073915482,-0.060542915016412735,0.2653834819793701
gripper,313,0.05900081992149353,0.0327310748398304,0.08653955161571503
eef_x,314,0.07852024585008621,-0.13214938342571259,0.22621148824691772
eef_y,314,0.32491442561149597,0.16826865077018738,0.46296900510787964
eef_z,314,-0.010486147366464138,-0.11547631770372391,0.11865939199924469
rot_x,314,-1.5729845762252808,-1.8129209280014038,-1.220184087753296
rot_y,314,-0.1392267495393753,-0.6314150094985962,0.2131645232439041
rot_z,314,0.06590192764997482,-0.012036753818392754,0.16494591534137726
gripper,314,0.06371928751468658,0.03256654739379883,0.08653955161571503
eef_x,315,0.04271374270319939,-0.13720756769180298,0.24013423919677734
eef_y,315,0.3328171968460083,0.18637967109680176,0.47632673382759094
eef_z,315,0.0131452027708292,-0.09195161610841751,0.13605906069278717
rot_x,315,-1.5921931266784668,-1.866312026977539,-1.187605619430542
rot_y,315,-0.11132193356752396,-0.5785399079322815,0.14863085746765137
rot_z,315,0.12611590325832367,0.01334749348461628,0.38611850142478943
gripper,315,0.061499420553445816,0.006809520069509745,0.08653955161571503
eef_x,316,0.04371229186654091,-0.13893692195415497,0.21137776970863342
eef_y,316,0.3618067800998688,0.21679934859275818,0.4885754883289337
eef_z,316,0.03504566475749016,-0.08374535292387009,0.1438969075679779
rot_x,316,-1.5899651050567627,-1.8513398170471191,-1.2370271682739258
rot_y,316,-0.17014065384864807,-0.6704141497612,0.27265429496765137
rot_z,316,0.08749896287918091,-0.01607252098619938,0.2712436616420746
gripper,316,0.06322713941335678,0.0072487215511500835,0.08653955161571503
eef_x,317,0.07415363937616348,-0.0964185893535614,0.23733486235141754
eef_y,317,0.3390563726425171,0.20475779473781586,0.4705781638622284
eef_z,317,0.011783396825194359,-0.10336081683635712,0.13605253398418427
rot_x,317,-1.590132236480713,-1.8106274604797363,-1.1492799520492554
rot_y,317,-0.09862972050905228,-0.3649060130119324,0.05516554042696953
rot_z,317,0.09014849364757538,0.03592285141348839,0.27252432703971863
gripper,317,0.06558319181203842,0.03211500123143196,0.08653955161571503
eef_x,318,0.004449006170034409,-0.18859998881816864,0.11911174654960632
eef_y,318,0.3255489468574524,0.18539592623710632,0.4632630944252014
eef_z,318,0.023095253854990005,-0.08304452896118164,0.1382346898317337
rot_x,318,-1.557255744934082,-1.8571336269378662,-1.1731349229812622
rot_y,318,-0.1505109965801239,-0.5251222848892212,0.03521306440234184
rot_z,318,0.0978589802980423,-0.01193342823535204,0.2667287290096283
gripper,318,0.06463789194822311,0.03039872832596302,0.08653955161571503
eef_x,319,0.05992494896054268,-0.08861573785543442,0.2400357574224472
eef_y,319,0.33988022804260254,0.22637663781642914,0.4758712351322174
eef_z,319,0.010456287302076817,-0.10453712195158005,0.13159304857254028
rot_x,319,-1.5632209777832031,-1.79010009765625,-1.1685359477996826
rot_y,319,0.03762158378958702,-0.17000599205493927,0.4925805926322937
rot_z,319,0.07519922405481339,-0.008896256797015667,0.19045796990394592
gripper,319,0.06660588830709457,0.030022580176591873,0.08653955161571503
eef_x,320,0.06724821776151657,-0.16114138066768646,0.2741215229034424
eef_y,320,0.34034544229507446,0.20075085759162903,0.47109702229499817
eef_z,320,0.01348311547189951,-0.10492582619190216,0.10608623921871185
rot_x,320,-1.6083502769470215,-1.8353898525238037,-1.2240867614746094
rot_y,320,-0.05127326026558876,-0.27159181237220764,0.1262974739074707
rot_z,320,0.08243908733129501,0.004788114223629236,0.172136589884758
gripper,320,0.06205892190337181,0.029440639540553093,0.08653955161571503
eef_x,321,0.05822652205824852,-0.1606270670890808,0.27782461047172546
eef_y,321,0.3229556083679199,0.1997644305229187,0.46230554580688477
eef_z,321,0.005100655369460583,-0.0965190902352333,0.08353409171104431
rot_x,321,-1.5892553329467773,-1.8185789585113525,-1.2535122632980347
rot_y,321,-0.13351434469223022,-0.7799718976020813,0.34830430150032043
rot_z,321,0.08996542543172836,0.0049993968568742275,0.3245992064476013
gripper,321,0.06281367689371109,0.03156531602144241,0.08653955161571503
eef_x,322,0.042441196739673615,-0.13258947432041168,0.2512524127960205
eef_y,322,0.31304824352264404,0.20153285562992096,0.44483643770217896
eef_z,322,-0.013267407193779945,-0.14512884616851807,0.10418841242790222
rot_x,322,-1.604412317276001,-1.8627818822860718,-1.2149012088775635
rot_y,322,-0.06528225541114807,-0.27179425954818726,0.2479282021522522
rot_z,322,0.09435762465000153,0.016428055241703987,0.1655300110578537
gripper,322,0.06293798238039017,0.03068530187010765,0.08653955161571503
eef_x,323,-0.12644395232200623,-0.279437780380249,0.009274305775761604
eef_y,323,-0.13570526242256165,-0.14764393866062164,-0.09617024660110474
eef_z,323,-0.1985166221857071,-0.23017339408397675,-0.14602479338645935
rot_x,323,-1.7339586019515991,-1.7497457265853882,-1.6835112571716309
rot_y,323,-0.17362257838249207,-0.18787477910518646,-0.16633102297782898
rot_z,323,0.2705848217010498,0.24978910386562347,0.2833879590034485
gripper,323,0.08652129769325256,0.08642548322677612,0.08653955161571503
eef_x,324,-0.26447877287864685,-0.4506983160972595,-0.10665582865476608
eef_y,324,0.05393939092755318,-0.10586727410554886,0.20478859543800354
eef_z,324,-0.16786696016788483,-0.2744481861591339,-0.022677123546600342
rot_x,324,-1.5412815809249878,-1.7249135971069336,-1.191899061203003
rot_y,324,-0.23091256618499756,-0.8718382120132446,0.050137992948293686
rot_z,324,0.25786513090133667,0.18836869299411774,0.3519771099090576
gripper,324,0.06250400096178055,0.03203898295760155,0.08653955161571503
eef_x,325,-0.3130338191986084,-0.5761957764625549,-0.10636429488658905
eef_y,325,0.040289122611284256,-0.11591784656047821,0.2096487134695053
eef_z,325,-0.16967721283435822,-0.28158295154571533,-0.03661281615495682
rot_x,325,-1.5823785066604614,-1.8023244142532349,-1.2383376359939575
rot_y,325,-0.2010868638753891,-0.560761034488678,0.12247158586978912
rot_z,325,0.22094303369522095,0.1399863213300705,0.2967813313007355
gripper,325,0.06221354380249977,0.031876057386398315,0.08653955161571503
eef_x,326,-0.2562742531299591,-0.4017126262187958,-0.10755427926778793
eef_y,326,0.06177821382880211,-0.08450987190008163,0.2005787342786789
eef_z,326,-0.18149960041046143,-0.291328102350235,-0.041316743940114975
rot_x,326,-1.604780912399292,-1.8822476863861084,-1.1795793771743774
rot_y,326,-0.08049331605434418,-0.5454516410827637,0.5634630918502808
rot_z,326,0.23757898807525635,0.13345062732696533,0.3735288381576538
gripper,326,0.06475987285375595,0.03293149918317795,0.08653955161571503
eef_x,327,-0.25544285774230957,-0.3982343077659607,-0.10845758020877838
eef_y,327,0.048798661679029465,-0.09548167884349823,0.21035370230674744
eef_z,327,-0.1848631352186203,-0.2931516468524933,-0.04016425460577011
rot_x,327,-1.613032341003418,-1.8914692401885986,-1.1678565740585327
rot_y,327,-0.20997188985347748,-0.9299799799919128,0.12887442111968994
rot_z,327,0.24107013642787933,0.1493346244096756,0.33391571044921875
gripper,327,0.06541002541780472,0.032531220465898514,0.08653955161571503
eef_x,328,-0.26508092880249023,-0.45407700538635254,-0.09815514832735062
eef_y,328,0.06418262422084808,-0.10557509958744049,0.23673969507217407
eef_z,328,-0.1463063508272171,-0.28247126936912537,-0.013315337710082531
rot_x,328,-1.617207407951355,-1.8144134283065796,-1.3125169277191162
rot_y,328,-0.13750457763671875,-0.6846159100532532,0.34864717721939087
rot_z,328,0.260853111743927,0.17500850558280945,0.47160065174102783
gripper,328,0.06327847391366959,0.03232535347342491,0.08653955161571503
eef_x,329,-0.27913591265678406,-0.46814531087875366,-0.13958393037319183
eef_y,329,0.08616317063570023,-0.0906897708773613,0.21263684332370758
eef_z,329,-0.13433508574962616,-0.2837749123573303,0.006080550607293844
rot_x,329,-1.609602451324463,-1.8450311422348022,-1.2248749732971191
rot_y,329,-0.08051824569702148,-0.3534378707408905,0.12318164110183716
rot_z,329,0.262365460395813,0.16185913980007172,0.3507007658481598
gripper,329,0.06301669031381607,0.03339705243706703,0.08653955161571503
eef_x,330,-0.27431777119636536,-0.4974431097507477,-0.08339297771453857
eef_y,330,0.0452021025121212,-0.10928047448396683,0.1956920623779297
eef_z,330,-0.18197445571422577,-0.2990047037601471,-0.05267861858010292
rot_x,330,-1.6129802465438843,-1.857201099395752,-1.1572147607803345
rot_y,330,-0.1839662790298462,-0.8354712724685669,0.14100918173789978
rot_z,330,0.2460765391588211,0.1864466369152069,0.32211971282958984
gripper,330,0.0645914226770401,0.0330197736620903,0.08653955161571503
eef_x,331,-0.26674652099609375,-0.4950425922870636,-0.07628773897886276
eef_y,331,0.024069249629974365,-0.11531811207532883,0.21590709686279297
eef_z,331,-0.18553265929222107,-0.3003232479095459,-0.04712379351258278
rot_x,331,-1.607724905014038,-1.8663785457611084,-1.1438593864440918
rot_y,331,-0.12547360360622406,-0.32741492986679077,0.22246262431144714
rot_z,331,0.24634119868278503,0.14119094610214233,0.42204058170318604
gripper,331,0.0634969174861908,0.03266636282205582,0.08653955161571503
eef_x,332,-0.2760908007621765,-0.4966352581977844,-0.07045962661504745
eef_y,332,0.02901259809732437,-0.113547682762146,0.2197459191083908
eef_z,332,-0.1787721812725067,-0.2935982048511505,-0.052023664116859436
rot_x,332,-1.579899787902832,-1.8141456842422485,-1.2142287492752075
rot_y,332,-0.18213960528373718,-0.6714655756950378,0.11076302081346512
rot_z,332,0.23621471226215363,0.1435510218143463,0.35166260600090027
gripper,332,0.062190115451812744,0.03174734488129616,0.08653955161571503
eef_x,333,-0.259677529335022,-0.49509888887405396,-0.07652986794710159
eef_y,333,0.035267945379018784,-0.115906722843647,0.20967881381511688
eef_z,333,-0.17372027039527893,-0.30776122212409973,-0.04248172417283058
rot_x,333,-1.6320550441741943,-1.9106236696243286,-1.2599643468856812
rot_y,333,-0.07805238664150238,-0.25610408186912537,0.19733655452728271
rot_z,333,0.24267342686653137,0.18427900969982147,0.33195772767066956
gripper,333,0.06020544469356537,0.029906058683991432,0.08653955161571503
eef_x,334,-0.25048765540122986,-0.4391082525253296,-0.059706468135118484
eef_y,334,0.03399622440338135,-0.12478059530258179,0.19511868059635162
eef_z,334,-0.1904556155204773,-0.3104633390903473,-0.0518709272146225
rot_x,334,-1.5937408208847046,-1.8476755619049072,-1.12863028049469
rot_y,334,-0.23828497529029846,-0.5982414484024048,-0.08235511183738708
rot_z,334,0.25173550844192505,0.16428053379058838,0.3335728347301483
gripper,334,0.06494679301977158,0.03263227269053459,0.08653955161571503
eef_x,335,-0.3488119840621948,-0.40109607577323914,-0.23028357326984406
eef_y,335,0.08200625330209732,-0.08075373619794846,0.21067573130130768
eef_z,335,-0.20082172751426697,-0.22948138415813446,-0.16530220210552216
rot_x,335,-1.7763065099716187,-1.7878202199935913,-1.719160556793213
rot_y,335,-0.1374242752790451,-0.14426423609256744,-0.1291048228740692
rot_z,335,0.24765346944332123,0.23548747599124908,0.2550926208496094
gripper,335,0.08352521061897278,0.08320461213588715,0.08407488465309143
eef_x,336,-0.25615882873535156,-0.44107916951179504,-0.0935249999165535
eef_y,336,0.20966298878192902,-0.08229907602071762,0.36857926845550537
eef_z,336,-0.1759302318096161,-0.2931492328643799,-0.05397730693221092
rot_x,336,-1.5860779285430908,-1.8567304611206055,-1.1936426162719727
rot_y,336,-0.20439976453781128,-0.3878116309642792,-0.060589749366045
rot_z,336,0.273813933134079,0.13421882688999176,0.37225744128227234
gripper,336,0.06174835190176964,0.03165752813220024,0.08653955161571503
eef_x,337,-0.27693814039230347,-0.44852495193481445,-0.0993257388472557
eef_y,337,0.025063492357730865,-0.10633064061403275,0.19241762161254883
eef_z,337,-0.1888851821422577,-0.3150734007358551,-0.04864458367228508
rot_x,337,-1.6402174234390259,-1.8450251817703247,-1.1992875337600708
rot_y,337,-0.15468662977218628,-0.2711203098297119,0.022755127400159836
rot_z,337,0.24789057672023773,0.17832808196544647,0.31195375323295593
gripper,337,0.06509268283843994,0.03060968592762947,0.08653955161571503
eef_x,338,-0.2849830389022827,-0.4454765021800995,-0.10156035423278809
eef_y,338,0.04118805378675461,-0.08506259322166443,0.19221724569797516
eef_z,338,-0.17011471092700958,-0.261197566986084,-0.041693735867738724
rot_x,338,-1.651719093322754,-1.854154348373413,-1.3119211196899414
rot_y,338,-0.27046266198158264,-0.6924921274185181,-0.03872787207365036
rot_z,338,0.2291756272315979,0.063782699406147,0.3565520942211151
gripper,338,0.06133344769477844,0.03152000531554222,0.08653955161571503
eef_x,339,-0.2897905111312866,-0.5585307478904724,-0.0977838858962059
eef_y,339,0.030466623604297638,-0.09125001728534698,0.18806804716587067
eef_z,339,-0.1687631607055664,-0.2754930853843689,-0.05289384722709656
rot_x,339,-1.6565115451812744,-1.8751310110092163,-1.2662807703018188
rot_y,339,-0.11816857010126114,-0.34481897950172424,0.13486771285533905
rot_z,339,0.25563108921051025,0.16872255504131317,0.34560784697532654
gripper,339,0.06028088554739952,0.03185982629656792,0.08653955161571503
eef_x,340,-0.3007090091705322,-0.5362381339073181,-0.1535721868276596
eef_y,340,0.028113536536693573,-0.1370231658220291,0.20226261019706726
eef_z,340,-0.17725823819637299,-0.27365753054618835,-0.06470613926649094
rot_x,340,-1.6168022155761719,-1.8047525882720947,-1.2774800062179565
rot_y,340,-0.1413182020187378,-0.8874959945678711,0.15847715735435486
rot_z,340,0.23760153353214264,0.09994851797819138,0.3889647424221039
gripper,340,0.06443468481302261,0.03256995975971222,0.08653955161571503
eef_x,341,-0.25561749935150146,-0.42733660340309143,-0.16096164286136627
eef_y,341,0.02336041070520878,-0.08710114657878876,0.20302346348762512
eef_z,341,-0.2063399851322174,-0.3286907374858856,-0.06881053745746613
rot_x,341,-1.6112269163131714,-1.8346824645996094,-1.1330796480178833
rot_y,341,-0.21291109919548035,-0.7643780708312988,-0.05565209686756134
rot_z,341,0.24488499760627747,0.16396568715572357,0.35819369554519653
gripper,341,0.06333281099796295,0.03247569873929024,0.08653955161571503
eef_x,342,-0.32151544094085693,-0.5154334306716919,-0.1399601399898529
eef_y,342,0.03650153800845146,-0.10725927352905273,0.20490145683288574
eef_z,342,-0.16042816638946533,-0.2687166929244995,-0.05453549697995186
rot_x,342,-1.5334248542785645,-1.9164540767669678,-1.1949812173843384
rot_y,342,-0.2479974776506424,-0.7247556447982788,0.0987858697772026
rot_z,342,0.23422929644584656,0.1490785926580429,0.4290999472141266
gripper,342,0.061483319848775864,0.03269286826252937,0.08653955161571503
eef_x,343,-0.3187327980995178,-0.511665403842926,-0.1767379641532898
eef_y,343,0.03934070095419884,-0.08540591597557068,0.19389796257019043
eef_z,343,-0.16627295315265656,-0.2579898238182068,-0.07508023828268051
rot_x,343,-1.5601561069488525,-1.799121379852295,-1.2068310976028442
rot_y,343,-0.10862541198730469,-0.40359050035476685,0.12396540492773056
rot_z,343,0.23619914054870605,0.1564459651708603,0.33362439274787903
gripper,343,0.06353963911533356,0.030360499396920204,0.08653955161571503
eef_x,344,-0.3189407289028168,-0.8383777737617493,0.14492900669574738
eef_y,344,0.3699239194393158,-0.10953938961029053,0.785788893699646
eef_z,344,0.028946781530976295,-0.22637833654880524,0.3457055985927582
rot_x,344,-1.5789294242858887,-1.8384745121002197,-1.2184622287750244
rot_y,344,-0.2407052367925644,-0.8362988233566284,-0.021195225417613983
rot_z,344,0.2524774670600891,0.1190505400300026,0.43560248613357544
gripper,344,0.05900081992149353,0.0327310748398304,0.08653955161571503
eef_x,345,-0.3145597279071808,-0.5186505317687988,-0.1699124127626419
eef_y,345,0.08396407216787338,-0.1180260181427002,0.2351033091545105
eef_z,345,-0.12492712587118149,-0.2296861857175827,-0.017859987914562225
rot_x,345,-1.6039952039718628,-1.845253348350525,-1.2459697723388672
rot_y,345,-0.133657306432724,-0.6324731707572937,0.2119102030992508
rot_z,345,0.24816454946994781,0.17225435376167297,0.34764328598976135
gripper,345,0.06342469155788422,0.03256654739379883,0.08653955161571503
eef_x,346,-0.31770217418670654,-0.5032461285591125,-0.16173282265663147
eef_y,346,0.04956822842359543,-0.08179554343223572,0.21345357596874237
eef_z,346,-0.175893172621727,-0.2868070602416992,-0.06803835183382034
rot_x,346,-1.5835182666778564,-1.8289828300476074,-1.2574580907821655
rot_y,346,-0.15932323038578033,-0.3227163851261139,0.0375550240278244
rot_z,346,0.2628328502178192,0.15765982866287231,0.3361748158931732
gripper,346,0.05954401567578316,0.032677605748176575,0.08570121228694916
eef_x,347,-0.2852999269962311,-0.5038890838623047,-0.11055159568786621
eef_y,347,0.04579032212495804,-0.08807581663131714,0.20293796062469482
eef_z,347,-0.17714528739452362,-0.2781407833099365,-0.07519141584634781
rot_x,347,-1.5864092111587524,-1.8607529401779175,-1.257674217224121
rot_y,347,-0.2462349236011505,-0.6456630229949951,0.03806137666106224
rot_z,347,0.28163596987724304,0.18993546068668365,0.36664634943008423
gripper,347,0.06118980050086975,0.03027460351586342,0.08653955161571503
eef_x,348,-0.3093569278717041,-0.5042895674705505,-0.14074140787124634
eef_y,348,0.026093820109963417,-0.0866268128156662,0.20567628741264343
eef_z,348,-0.20024420320987701,-0.30030593276023865,-0.07386622577905655
rot_x,348,-1.6530636548995972,-1.8954064846038818,-1.2234541177749634
rot_y,348,-0.27773723006248474,-0.5421631932258606,-0.08396504074335098
rot_z,348,0.2707166075706482,0.08399800956249237,0.35932692885398865
gripper,348,0.06190107390284538,0.029369927942752838,0.08653955161571503
eef_x,349,-0.31404513120651245,-0.49868589639663696,-0.14954599738121033
eef_y,349,0.04456096887588501,-0.09224685281515121,0.20818418264389038
eef_z,349,-0.18037165701389313,-0.30198195576667786,-0.041184309870004654
rot_x,349,-1.669940710067749,-1.904201626777649,-1.2457460165023804
rot_y,349,-0.12870413064956665,-0.32801857590675354,0.19080255925655365
rot_z,349,0.28874969482421875,0.20277860760688782,0.3900655508041382
gripper,349,0.06380654126405716,0.03159983828663826,0.08653955161571503
eef_x,350,-0.29785478115081787,-0.5094729065895081,-0.1277206689119339
eef_y,350,0.052399635314941406,-0.09449748694896698,0.19493761658668518
eef_z,350,-0.15706592798233032,-0.2930607795715332,-0.03772039711475372
rot_x,350,-1.5376739501953125,-1.7961857318878174,-1.1881293058395386
rot_y,350,-0.275676965713501,-0.602264940738678,-0.025675054639577866
rot_z,350,0.31693339347839355,0.19114452600479126,0.46248334646224976
gripper,350,0.06319830566644669,0.029795855283737183,0.08653955161571503
eef_x,351,-0.3201563060283661,-0.5069557428359985,-0.13096308708190918
eef_y,351,0.039345890283584595,-0.08046593517065048,0.20790693163871765
eef_z,351,-0.16127753257751465,-0.2806340157985687,-0.027746951207518578
rot_x,351,-1.5968961715698242,-1.872412085533142,-1.1945899724960327
rot_y,351,-0.1710391789674759,-0.6376088857650757,0.11442739516496658
rot_z,351,0.3038331866264343,0.18817150592803955,0.5677405595779419
gripper,351,0.06153762713074684,0.006809520069509745,0.08653955161571503
eef_x,352,-0.3216884136199951,-0.5078039169311523,-0.1674983650445938
eef_y,352,0.068860724568367,-0.10172491520643234,0.22155405580997467
eef_z,352,-0.13852426409721375,-0.2566521167755127,-0.041909459978342056
rot_x,352,-1.5915496349334717,-1.858160138130188,-1.2520586252212524
rot_y,352,-0.23015864193439484,-0.7242627143859863,0.2476881593465805
rot_z,352,0.2645493149757385,0.16227179765701294,0.4509665369987488
gripper,352,0.06322713941335678,0.0072487215511500835,0.08653955161571503
eef_x,353,-0.3273158669471741,-0.5091486573219299,-0.1625620573759079
eef_y,353,0.06591282784938812,-0.08702883124351501,0.21812914311885834
eef_z,353,-0.1437319964170456,-0.2598729729652405,-0.03569434583187103
rot_x,353,-1.5940102338790894,-1.9144928455352783,-1.216700553894043
rot_y,353,-0.20741039514541626,-0.5713232755661011,-0.07876382023096085
rot_z,353,0.2930208444595337,0.18385134637355804,0.41771721839904785
gripper,353,0.06269873678684235,0.029344938695430756,0.08653955161571503
eef_x,354,-0.30498746037483215,-0.489317923784256,-0.165913388133049
eef_y,354,0.04587940126657486,-0.11520558595657349,0.19404564797878265
eef_z,354,-0.16561536490917206,-0.2990816831588745,-0.053710710257291794
rot_x,354,-1.599897861480713,-1.8963395357131958,-1.2825491428375244
rot_y,354,-0.22857622802257538,-0.636664867401123,0.1501019299030304
rot_z,354,0.28667986392974854,0.24252139031887054,0.396086722612381
gripper,354,0.06351694464683533,0.03059130534529686,0.08653955161571503
eef_x,355,-0.29827889800071716,-0.4825281798839569,-0.1497017741203308
eef_y,355,0.03642755374312401,-0.10528411716222763,0.18022480607032776
eef_z,355,-0.1750965118408203,-0.2790881395339966,-0.042802173644304276
rot_x,355,-1.5798590183258057,-1.8100199699401855,-1.2098941802978516
rot_y,355,-0.14992889761924744,-0.8600009679794312,0.35108113288879395
rot_z,355,0.2676396071910858,0.18493634462356567,0.4673331081867218
gripper,355,0.06356272846460342,0.029846228659152985,0.08653955161571503
eef_x,356,-0.2916960120201111,-0.5079480409622192,-0.10255854576826096
eef_y,356,0.03688913211226463,-0.11023790389299393,0.18158695101737976
eef_z,356,-0.1732500046491623,-0.2846217751502991,-0.05394610017538071
rot_x,356,-1.5776575803756714,-1.761839747428894,-1.1740944385528564
rot_y,356,-0.18502070009708405,-0.3717254400253296,-0.028242573142051697
rot_z,356,0.26619821786880493,0.18213406205177307,0.3767782151699066
gripper,356,0.0658109113574028,0.029305776581168175,0.08653955161571503
eef_x,357,-0.31348997354507446,-0.5049421191215515,-0.1471269130706787
eef_y,357,0.021067384630441666,-0.10938063263893127,0.1915004998445511
eef_z,357,-0.18244081735610962,-0.322038471698761,-0.04721507057547569
rot_x,357,-1.612562656402588,-1.9072761535644531,-1.200939655303955
rot_y,357,-0.10236991196870804,-0.33419618010520935,0.1615777164697647
rot_z,357,0.2747758626937866,0.20823931694030762,0.3986545503139496
gripper,357,0.06373286992311478,0.03137591481208801,0.08653955161571503
eef_x,358,-0.29099902510643005,-0.4670492112636566,-0.13366568088531494
eef_y,358,0.049667391926050186,-0.13119669258594513,0.20315413177013397
eef_z,358,-0.16391853988170624,-0.2786225378513336,-0.04260580614209175
rot_x,358,-1.5976921319961548,-1.8051007986068726,-1.1544106006622314
rot_y,358,-0.15760447084903717,-0.41936710476875305,-0.006208971608430147
rot_z,358,0.26753756403923035,0.21240979433059692,0.4504333436489105
gripper,358,0.06558319181203842,0.03211500123143196,0.08653955161571503
eef_x,359,-0.31948360800743103,-0.4600670635700226,-0.23393718898296356
eef_y,359,0.05415044724941254,-0.07428504526615143,0.18662860989570618
eef_z,359,-0.15499544143676758,-0.2681979537010193,-0.04174641892313957
rot_x,359,-1.55190908908844,-1.800408124923706,-1.1576528549194336
rot_y,359,-0.25232747197151184,-0.9900809526443481,0.023738572373986244
rot_z,359,0.2879922389984131,0.16640035808086395,0.5788346529006958
gripper,359,0.06198893114924431,0.029592497274279594,0.08652704209089279
eef_x,360,-0.33414819836616516,-0.4476308226585388,-0.23685388267040253
eef_y,360,0.03278059884905815,-0.19016064703464508,0.1822931170463562
eef_z,360,-0.16288022696971893,-0.28456586599349976,-0.04796217754483223
rot_x,360,-1.5704518556594849,-1.801270604133606,-1.1094709634780884
rot_y,360,-0.09583994001150131,-0.2845146656036377,0.13741470873355865
rot_z,360,0.23836421966552734,0.15004557371139526,0.33981046080589294
gripper,360,0.0627562552690506,0.029912391677498817,0.08653955161571503
eef_x,361,-0.3087819218635559,-0.454237699508667,-0.17086094617843628
eef_y,361,0.015858890488743782,-0.10209552198648453,0.18343102931976318
eef_z,361,-0.180996373295784,-0.26091262698173523,-0.07306909561157227
rot_x,361,-1.509752869606018,-1.7826048135757446,-1.108443021774292
rot_y,361,-0.21606828272342682,-0.7782230377197266,0.15304294228553772
rot_z,361,0.27247679233551025,0.14515186846256256,1.060081124305725
gripper,361,0.06397388130426407,0.030051136389374733,0.08653955161571503
eef_x,362,-0.3167860209941864,-0.4683510363101959,-0.14384469389915466
eef_y,362,0.04883395880460739,-0.08230694383382797,0.1752241998910904
eef_z,362,-0.16203169524669647,-0.2840852737426758,-0.058861084282398224
rot_x,362,-1.6023305654525757,-1.8092496395111084,-1.2839804887771606
rot_y,362,-0.07603143900632858,-0.5099941492080688,0.34110936522483826
rot_z,362,0.25845596194267273,0.135989710688591,0.45168039202690125
gripper,362,0.06207549199461937,0.03175399452447891,0.08653955161571503
eef_x,363,-0.3171134889125824,-0.4618578851222992,-0.17739853262901306
eef_y,363,0.03615430369973183,-0.08573711663484573,0.17336159944534302
eef_z,363,-0.169427752494812,-0.28944504261016846,-0.056465327739715576
rot_x,363,-1.5901261568069458,-1.8763759136199951,-1.2392479181289673
rot_y,363,-0.1683085709810257,-0.31042948365211487,-0.04079926013946533
rot_z,363,0.24721892178058624,0.1790931224822998,0.3666180372238159
gripper,363,0.06538744270801544,0.031379636377096176,0.08653955161571503
eef_x,364,-0.12980696558952332,-0.2780689001083374,0.0013537673512473702
eef_y,364,-0.028361495584249496,-0.06340090185403824,0.0214534942060709
eef_z,364,-0.20456160604953766,-0.23101358115673065,-0.1756555289030075
rot_x,364,-1.77116060256958,-1.7856179475784302,-1.7268660068511963
rot_y,364,-0.12419001013040543,-0.1370660662651062,-0.11418014019727707
rot_z,364,0.2326176017522812,0.2199573516845703,0.24292491376399994
gripper,364,0.08653952181339264,0.08653955161571503,0.08653955161571503
eef_x,365,-0.26414814591407776,-0.4400752782821655,-0.11302482336759567
eef_y,365,0.04899429902434349,-0.0942036360502243,0.2300107181072235
eef_z,365,-0.17264673113822937,-0.278888463973999,-0.051404207944869995
rot_x,365,-1.5690395832061768,-1.8071783781051636,-1.2050057649612427
rot_y,365,-0.20855753123760223,-0.7282120585441589,0.045148883014917374
rot_z,365,0.26529645919799805,0.140461266040802,0.4395110011100769
gripper,365,0.06296993046998978,0.03087306022644043,0.08653955161571503
eef_x,366,-0.26906418800354004,-0.45299383997917175,-0.12924028933048248
eef_y,366,0.050599776208400726,-0.06284938007593155,0.23513837158679962
eef_z,366,-0.17039480805397034,-0.2644893229007721,-0.05441296845674515
rot_x,366,-1.540786862373352,-1.8300915956497192,-1.096602439880371
rot_y,366,-0.08945231884717941,-0.5295485258102417,0.20909146964550018
rot_z,366,0.252075731754303,0.18418417870998383,0.32847341895103455
gripper,366,0.06446483731269836,0.02929515391588211,0.08653955161571503
eef_x,367,-0.27368873357772827,-0.4409966766834259,-0.10716372728347778
eef_y,367,0.0609406940639019,-0.06937061250209808,0.22404085099697113
eef_z,367,-0.16912740468978882,-0.26665982604026794,-0.06840095669031143
rot_x,367,-1.5607739686965942,-1.797571063041687,-1.1876640319824219
rot_y,367,-0.2681957185268402,-0.9027301073074341,-0.06449253112077713
rot_z,367,0.2771703600883484,0.15818600356578827,0.42606788873672485
gripper,367,0.06030035391449928,0.029249392449855804,0.08578472584486008
eef_x,368,-0.2727954089641571,-0.429503470659256,-0.13434459269046783
eef_y,368,0.04140718653798103,-0.07043347507715225,0.20695766806602478
eef_z,368,-0.1808241903781891,-0.29096269607543945,-0.0725412592291832
rot_x,368,-1.5693955421447754,-1.8131152391433716,-1.0682239532470703
rot_y,368,-0.18389220535755157,-0.3272899091243744,-0.06263834238052368
rot_z,368,0.2494361251592636,0.15238021314144135,0.3423725962638855
gripper,368,0.06436079740524292,0.030070587992668152,0.08653955161571503
eef_x,369,-0.25913572311401367,-0.4283146262168884,-0.1366044580936432
eef_y,369,0.05363292247056961,-0.10196144133806229,0.20223361253738403
eef_z,369,-0.1651395708322525,-0.2900822162628174,-0.055306270718574524
rot_x,369,-1.5099101066589355,-1.7843470573425293,-1.1541069746017456
rot_y,369,-0.18824569880962372,-0.6881364583969116,-0.03867668658494949
rot_z,369,0.25352394580841064,0.17271822690963745,0.415590763092041
gripper,369,0.06054326146841049,0.030114278197288513,0.08653955161571503
eef_x,370,-0.2855128049850464,-0.424494206905365,-0.16633367538452148
eef_y,370,0.052093494683504105,-0.0847647413611412,0.20463542640209198
eef_z,370,-0.17626380920410156,-0.27756866812705994,-0.05912331864237785
rot_x,370,-1.651569128036499,-1.8545469045639038,-1.2592123746871948
rot_y,370,-0.06613115966320038,-0.32357057929039,0.2679676413536072
rot_z,370,0.26920852065086365,0.20922808349132538,0.3716052174568176
gripper,370,0.06281066685914993,0.028873281553387642,0.08653955161571503
eef_x,371,-0.2987171411514282,-0.5301840901374817,-0.09969107061624527
eef_y,371,0.049437735229730606,-0.11049432307481766,0.17355015873908997
eef_z,371,-0.1619691103696823,-0.27686136960983276,-0.06982534378767014
rot_x,371,-1.6207311153411865,-1.8555634021759033,-1.22933828830719
rot_y,371,-0.11104733496904373,-0.33614832162857056,0.09853340685367584
rot_z,371,0.258929044008255,0.1822904497385025,0.3484635055065155
gripper,371,0.06205892190337181,0.029440639540553093,0.08653955161571503
eef_x,372,-0.30403822660446167,-0.5287804007530212,-0.09401372075080872
eef_y,372,0.030293095856904984,-0.12604522705078125,0.18403267860412598
eef_z,372,-0.16768191754817963,-0.27185994386672974,-0.08908715099096298
rot_x,372,-1.5960500240325928,-1.8141616582870483,-1.2578322887420654
rot_y,372,-0.19310148060321808,-0.8267796635627747,0.3008196949958801
rot_z,372,0.2672455906867981,0.1808100938796997,0.49599361419677734
gripper,372,0.06281367689371109,0.03156531602144241,0.08653955161571503
eef_x,373,-0.2788280248641968,-0.5266178846359253,-0.0981283038854599
eef_y,373,0.04069977626204491,-0.10136976093053818,0.18031415343284607
eef_z,373,-0.1977856159210205,-0.32618001103401184,-0.07968504726886749
rot_x,373,-1.6807684898376465,-1.95849609375,-1.2094740867614746
rot_y,373,-0.18611405789852142,-0.5240877270698547,0.03378419578075409
rot_z,373,0.25156107544898987,0.15964215993881226,0.40596115589141846
gripper,373,0.06128915399312973,0.0069761923514306545,0.08653955161571503
eef_x,374,-0.30904391407966614,-0.4966225326061249,-0.1326584815979004
eef_y,374,0.03455803915858269,-0.08315566182136536,0.16642962396144867
eef_z,374,-0.17171458899974823,-0.26398295164108276,-0.0716911256313324
rot_x,374,-1.5793139934539795,-1.8007009029388428,-1.2609632015228271
rot_y,374,-0.26963457465171814,-0.8609698414802551,0.243375763297081
rot_z,374,0.24850906431674957,0.1637885868549347,0.42872676253318787
gripper,374,0.06437645852565765,0.030232656747102737,0.08653955161571503
eef_x,375,-0.3269147574901581,-0.5935767889022827,-0.11165841668844223
eef_y,375,0.016972217708826065,-0.18355536460876465,0.18043223023414612
eef_z,375,-0.18559448421001434,-0.32647985219955444,-0.058751657605171204
rot_x,375,-1.615656852722168,-1.8974883556365967,-1.2164208889007568
rot_y,375,-0.11468198895454407,-0.32116129994392395,0.3194921910762787
rot_z,375,0.2685374617576599,0.12702666223049164,0.3431675136089325
gripper,375,0.06292453408241272,0.03068530187010765,0.08653955161571503
eef_x,376,-0.30220118165016174,-0.49228671193122864,-0.1099058985710144
eef_y,376,0.034139830619096756,-0.07676979154348373,0.17719636857509613
eef_z,376,-0.1762523055076599,-0.28772884607315063,-0.05804174020886421
rot_x,376,-1.6026042699813843,-1.830960988998413,-1.1712429523468018
rot_y,376,-0.17339631915092468,-0.35499608516693115,0.014546922408044338
rot_z,376,0.2524373233318329,0.16302961111068726,0.3505218029022217
gripper,376,0.06526684761047363,0.0295824334025383,0.08653955161571503
eef_x,377,-0.30929696559906006,-0.5048843622207642,-0.12773047387599945
eef_y,377,0.020032720640301704,-0.09935759007930756,0.16586221754550934
eef_z,377,-0.18655720353126526,-0.3152209520339966,-0.038360148668289185
rot_x,377,-1.5983833074569702,-1.8747081756591797,-1.1692465543746948
rot_y,377,-0.10351133346557617,-0.5401224493980408,0.33797386288642883
rot_z,377,0.25134292244911194,0.18154823780059814,0.3610650897026062
gripper,377,0.06274735182523727,0.029654357582330704,0.08653955161571503
